商品名,売上金額,売上数量,販売日数,取扱店舗数,構成比,累積構成比,ABCランク,1日平均売上,平均単価
スポーツ報知（関東東北北,0.0,0.0,14,3,0.0,99.99999999999986,C,0.0,
レジ従業員金庫引継ノート,0.0,0.0,1,1,0.0,99.99999999999986,C,0.0,
備蓄米　２Ｋｇ,0.0,0.0,1,1,0.0,99.99999999999986,C,0.0,
備蓄米１Ｋｇ,0.0,0.0,1,2,0.0,99.99999999999986,C,0.0,
優馬（関東山形福島）,0.0,0.0,4,2,0.0,99.99999999999986,C,0.0,
コーヒーフレッシュ,0.0,0.0,4,2,0.0,99.99999999999986,C,0.0,
東京新聞（１都６県静０１,0.0,0.0,13,2,0.0,99.99999999999986,C,0.0,
東京スポーツ（１都６県静,0.0,0.0,9,3,0.0,99.99999999999986,C,0.0,
コーヒーリッド黒Ｓ,0.0,0.0,1,1,0.0,99.99999999999986,C,0.0,
東京スポーツ競馬特別版,0.0,0.0,6,3,0.0,99.99999999999986,C,0.0,
新旧両用）ペーパフィルタ,0.0,0.0,1,1,0.0,99.99999999999986,C,0.0,
新・値下シール３０円,0.0,0.0,2,1,0.0,99.99999999999986,C,0.0,
カーセンサー東日本版,0.0,0.0,1,1,0.0,99.99999999999986,C,0.0,
読売新聞（１都６県静０１,0.0,0.0,13,3,0.0,99.99999999999986,C,0.0,
ＰＯＳレジロール５０巻,0.0,0.0,2,2,0.0,99.99999999999986,C,0.0,
デイリースポーツ（１都６,0.0,0.0,14,2,0.0,99.99999999999986,C,0.0,
ＴＶＬＩＦＥ　首都圏版,0.0,0.0,1,1,0.0,99.99999999999986,C,0.0,
ＴｈｅＪａｐａｎＮｅｗｓ,0.0,0.0,13,3,0.0,99.99999999999986,C,0.0,
ペーパータオルＢＳ,0.0,0.0,4,3,0.0,99.99999999999986,C,0.0,
プレジデント,0.0,0.0,1,1,0.0,99.99999999999986,C,0.0,
週　刊　女　性,0.0,0.0,1,1,0.0,99.99999999999986,C,0.0,
◎お好み焼＆塩焼そば,0.0,0.0,1,1,0.0,99.99999999999986,C,0.0,
競友（関東福島）,0.0,0.0,4,2,0.0,99.99999999999986,C,0.0,
競馬ブック（関東山形福島,0.0,0.0,4,2,0.0,99.99999999999986,C,0.0,
アルカリ水クリーナ－詰替,0.0,0.0,1,1,0.0,99.99999999999986,C,0.0,
竹箸　５００膳,0.0,0.0,1,1,0.0,99.99999999999986,C,0.0,
フライドサイミン,0.0,0.0,1,1,0.0,99.99999999999986,C,0.0,
研究（関東山形福島）,0.0,0.0,4,2,0.0,99.99999999999986,C,0.0,
発注レジ袋１２号バイオマ,0.0,0.0,3,1,0.0,99.99999999999986,C,0.0,
ａｎａｎ（アンアン）,0.0,0.0,2,1,0.0,99.99999999999986,C,0.0,
Ｗｅｄｇｅ（ウェッジ）,0.0,0.0,1,1,0.0,99.99999999999986,C,0.0,
産経新聞（宮山梨静０５以,0.0,0.0,13,2,0.0,99.99999999999986,C,0.0,
第１０７回全国高校野球選,0.0,0.0,1,1,0.0,99.99999999999986,C,0.0,
アルバトロス・ビュー,0.0,0.0,1,1,0.0,99.99999999999986,C,0.0,
勝馬（関東山形福島）,0.0,0.0,4,2,0.0,99.99999999999986,C,0.0,
０１：ＢＥ：ＦＩＲＳＴ,0.0,1.0,1,1,0.0,99.99999999999986,C,0.0,0.0
サンスポ（山梨静０５以外,0.0,0.0,14,2,0.0,99.99999999999986,C,0.0,
ライト豆（ＵＣＣ）,0.0,0.0,1,1,0.0,99.99999999999986,C,0.0,
朝日新聞（宮山梨静０５以,0.0,0.0,13,2,0.0,99.99999999999986,C,0.0,
ストローレスリッド,0.0,0.0,2,1,0.0,99.99999999999986,C,0.0,
名札バッジ　２個入,0.0,0.0,1,1,0.0,99.99999999999986,C,0.0,
スポニチ（山梨静０５以外,0.0,0.0,14,2,0.0,99.99999999999986,C,0.0,
毎日新聞（１都６県静０１,0.0,0.0,13,3,0.0,99.99999999999986,C,0.0,
しょうが香る冷し薬味そば,0.0,0.0,1,1,0.0,99.99999999999986,C,0.0,
コーヒー用氷Ｓ,0.0,0.0,10,2,0.0,99.99999999999986,C,0.0,
日本経済新聞（静０５）,0.0,0.0,13,2,0.0,99.99999999999986,C,0.0,
ＪＴニューヨーク（旧：ヘ,0.0,0.0,9,1,0.0,99.99999999999986,C,0.0,
日刊競馬（関東山形福島）,0.0,0.0,4,2,0.0,99.99999999999986,C,0.0,
日刊スポ（山梨静０５以外,0.0,0.0,14,2,0.0,99.99999999999986,C,0.0,
日刊ゲンダイ（１都６県静,0.0,0.0,13,3,0.0,99.99999999999986,C,0.0,
週刊ＴＶガイド（関東版）,0.0,0.0,2,1,0.0,99.99999999999986,C,0.0,
エ　コ　ノ　ミ　ス　ト,0.0,0.0,1,1,0.0,99.99999999999986,C,0.0,
新Ｅプリンター用インク黒,0.0,0.0,1,1,0.0,99.99999999999986,C,0.0,
クラフトテープ　１巻,0.0,0.0,1,1,0.0,99.99999999999986,C,0.0,
７０Ｌ半透明ゴミ袋,0.0,0.0,1,2,0.0,99.99999999999986,C,0.0,
４５Ｌ半透明ゴミ袋,0.0,0.0,1,1,0.0,99.99999999999986,C,0.0,
カフェカップＭ,0.0,0.0,1,1,0.0,99.99999999999986,C,0.0,
カフェカップＳ,0.0,0.0,2,2,0.0,99.99999999999986,C,0.0,
ガムシロップ,0.0,0.0,3,2,0.0,99.99999999999986,C,0.0,
カーセンサー首都圏版,0.0,0.0,1,1,0.0,99.99999999999986,C,0.0,
ダーク豆（ＵＣＣ）,0.0,0.0,2,1,0.0,99.99999999999986,C,0.0,
馬サブロー（１都６県宮城,0.0,0.0,4,2,0.0,99.99999999999986,C,0.0,
新Ｅプリンター用インク青,0.0,0.0,1,1,0.0,99.99999999999986,C,0.0,
新Ｅプリンター用インク赤,0.0,0.0,1,1,0.0,99.99999999999986,C,0.0,
競馬エイト（関東福島）,0.0,0.0,4,2,0.0,99.99999999999986,C,0.0,
コーヒー用氷Ｍ,0.0,0.0,9,2,0.0,99.99999999999986,C,0.0,
コーヒーリッドＭ,0.0,0.0,1,1,0.0,99.99999999999986,C,0.0,
ＪＴオンサンデー（旧：ジ,0.0,0.0,2,1,0.0,99.99999999999986,C,0.0,
ブラックサンダー至福のバ,60.0,1.0,1,1,7.216012649573961e-05,99.99999999999986,C,60.0,60.0
多当　　御見舞,87.0,1.0,1,1,0.00010463218341882243,99.99992783987337,C,87.0,87.0
◎伊右衛門　濃い緑茶,121.0,1.0,1,1,0.00014552292176640822,99.99982320768994,C,121.0,121.0
明治ヨーグルトＲ－１,144.0,1.0,1,1,0.00017318430358977506,99.99967768476817,C,144.0,144.0
忍者めし鋼マスカット味,148.0,1.0,1,1,0.00017799497868949105,99.99950450046458,C,148.0,148.0
爽健美茶　６００,158.0,1.0,1,1,0.00019002166643878097,99.9993265054859,C,158.0,158.0
たけのこの里ＰＫＰ,161.0,1.0,1,1,0.00019362967276356796,99.99913648381946,C,161.0,161.0
◎ガトーショコラ風チョコ,165.0,1.0,1,1,0.00019844034786328392,99.99874441379883,C,165.0,165.0
◎芋あん豆大福,165.0,1.0,1,1,0.00019844034786328392,99.99894285414669,C,165.0,165.0
プライドポテト神戸ビーフ,168.0,1.0,1,1,0.0002020483541880709,99.99854597345097,C,168.0,168.0
月見うさぎ,180.0,2.0,1,1,0.00021648037948721884,99.9981274447173,C,180.0,90.0
２ＷＡＹマーカーピンク,180.0,1.0,1,1,0.00021648037948721884,99.99834392509679,C,180.0,180.0
透明プリン？マンゴー？,194.0,1.0,3,1,0.00023331774233622475,99.9979109643378,C,65.0,194.0
ハガキフリー,200.0,1.0,1,1,0.0002405337549857987,99.99767764659546,C,200.0,200.0
ポッキーチョコレート,207.0,1.0,1,1,0.00024895243641030165,99.99743711284047,C,207.0,207.0
魚ギョッと釣りグミ,210.0,3.0,3,1,0.00025256044273508864,99.99718816040406,C,70.0,70.0
いちごドーナツ棒１本,222.0,3.0,1,1,0.0002669924680342366,99.99693559996133,C,222.0,74.0
その他１０口座売上,228.0,1.0,1,1,0.00027420848068381053,99.9966686074933,C,228.0,228.0
抹茶シベリア３個入,230.0,1.0,1,1,0.0002766138182336685,99.99639439901262,C,230.0,230.0
野菜生活青森りんご,236.0,2.0,1,1,0.0002838298308832425,99.99611778519439,C,236.0,118.0
サラダチキンのサラダ,239.0,1.0,1,1,0.00028743783720802944,99.99583395536351,C,239.0,239.0
プロテインピーナッツバタ,249.0,1.0,1,1,0.00029946452495731936,99.99554651752631,C,249.0,249.0
まるごと和なしのど飴小袋,256.0,2.0,2,1,0.00030788320638182234,99.99493916979497,C,128.0,128.0
◎ダブルチョコデニッシュ,256.0,2.0,2,1,0.00030788320638182234,99.99524705300135,C,128.0,128.0
◎オクラわかめとろり豆腐,258.0,1.0,1,1,0.00031028854393168033,99.9946312865886,C,258.0,258.0
レジ袋４５号,259.0,37.0,28,1,0.00031149121270660933,99.99432099804467,C,9.0,7.0
プレミアムルック清水白桃,270.0,1.0,1,1,0.00032472056923082824,99.99400950683196,C,270.0,270.0
ジャパンタイムズ,273.0,1.0,1,1,0.00032832857555561523,99.99368478626273,C,273.0,273.0
リルＨリキッドＣ,292.0,4.0,4,1,0.0003511792822792661,99.99335645768718,C,73.0,73.0
ストロングサワーＣオニオ,310.0,2.0,2,1,0.000372827320227988,99.99300527840491,C,155.0,155.0
コーヒーゼリーパフェ,313.0,1.0,1,1,0.000376435326552775,99.99263245108467,C,313.0,313.0
ポテトチップス大人の夏味,316.0,2.0,2,1,0.00038004333287756193,99.99225601575812,C,158.0,158.0
きのこの山ポケットパック,322.0,2.0,1,1,0.0003872593455271359,99.99187597242523,C,322.0,161.0
Ｐガーナトリュフキャラメ,325.0,1.0,1,1,0.0003908673518519229,99.9914887130797,C,325.0,325.0
ベーコンとレタスのサラダ,332.0,1.0,1,1,0.00039928603327642583,99.99109784572785,C,332.0,332.0
◎生コッペパン（ハムカツ,334.0,2.0,2,1,0.0004016913708262838,99.99069855969458,C,167.0,167.0
１本満足プロテイン　ＷＴ,342.0,2.0,2,1,0.0004113127210257158,99.99029686832375,C,171.0,171.0
◎トマトコンソメスープ,350.0,1.0,1,1,0.0004209340712251477,99.98988555560273,C,350.0,350.0
暴君ハバネロ１５０粒ハバ,352.0,2.0,1,1,0.0004233394087750057,99.9894646215315,C,352.0,176.0
夏ポテト対馬の浜御塩味,358.0,2.0,2,1,0.0004305554214245797,99.98904128212273,C,179.0,179.0
キャップ付鉛筆３Ｐ,360.0,2.0,2,1,0.0004329607589744377,99.9886107267013,C,180.0,180.0
ハッピーターンスパイス,360.0,3.0,3,1,0.0004329607589744377,99.98817776594232,C,120.0,120.0
少年チャンピオン,364.0,1.0,3,1,0.0004377714340741536,99.9868692623152,C,121.0,364.0
週末版ジャパンタイムズ,364.0,1.0,1,1,0.0004377714340741536,99.98730703374927,C,364.0,364.0
クリニカハミガキ　ミニ,364.0,4.0,4,1,0.0004377714340741536,99.98774480518335,C,91.0,91.0
◎ボロネーゼ風ラザニア,369.0,1.0,1,1,0.00044378477794879855,99.98643149088112,C,369.0,369.0
◎肉たっぷり７種具材豚汁,369.0,1.0,1,1,0.00044378477794879855,99.98598770610317,C,369.0,369.0
トマトベーコンパスタサラ,389.0,1.0,1,1,0.00046783815344737844,99.98554392132523,C,389.0,389.0
ラインＳ２５夏の色白大,390.0,1.0,1,1,0.0004690408222223075,99.98507608317179,C,390.0,390.0
ラインＳ２５秋の色黒小,390.0,1.0,1,1,0.0004690408222223075,99.98460704234957,C,390.0,390.0
ラインＳＣ白１９－２２,390.0,1.0,1,1,0.0004690408222223075,99.98413800152734,C,390.0,390.0
ラインＳ２５夏の色白小,390.0,1.0,1,1,0.0004690408222223075,99.98366896070512,C,390.0,390.0
ショートＳ灰緑／白大,390.0,1.0,1,1,0.0004690408222223075,99.98319991988289,C,390.0,390.0
グミチョコボール苺,398.0,2.0,2,1,0.0004786621724217394,99.98225221688824,C,199.0,199.0
グミチョコボールぶどう味,398.0,2.0,2,1,0.0004786621724217394,99.98273087906067,C,199.0,199.0
ハイマッキー　太字　黒,408.0,3.0,3,1,0.0004906888601710294,99.98177355471582,C,136.0,136.0
Ｙｏｕｎｇ　ｃｈａｍｐｉ,410.0,1.0,2,1,0.0004930941977208874,99.98128286585565,C,205.0,410.0
ルーローハン風パスタサラ,417.0,1.0,1,1,0.0005015128791453903,99.98078977165792,C,417.0,417.0
◎４種きのこクリームスー,426.0,1.0,1,1,0.0005123368981197513,99.98028825877878,C,426.0,426.0
おーいお茶緑茶　３５０,440.0,4.0,4,1,0.0005291742609687572,99.97977592188066,C,110.0,110.0
回転焼（抹茶あん）２個入,441.0,3.0,3,1,0.0005303769297436862,99.97924674761968,C,147.0,147.0
振って塩こんぶキャベツ,442.0,2.0,5,1,0.0005315795985186152,99.97871637068994,C,88.0,221.0
コロロ巨峰,444.0,3.0,3,1,0.0005339849360684732,99.97818479109142,C,148.0,148.0
ネオＢトロピカルハイパー,455.0,1.0,2,1,0.000547214292592692,99.97710359186276,C,228.0,455.0
ネオチルドＭハイパー用,455.0,1.0,1,1,0.000547214292592692,99.97765080615535,C,455.0,455.0
極冷感　フリージア,462.0,1.0,1,1,0.0005556329740171949,99.97655637757016,C,462.0,462.0
レンジかき揚げそば,462.0,1.0,1,1,0.0005556329740171949,99.97600074459615,C,462.0,462.0
ミックスアイスプラス,464.0,1.0,1,1,0.0005580383115670529,99.97544511162214,C,464.0,464.0
レジ袋４５号バイオマス,476.0,68.0,44,3,0.000572470336866201,99.97488707331057,C,11.0,7.0
Ｈ午後の紅茶ミルクティー,477.0,3.0,1,1,0.0005736730056411299,99.9743146029737,C,477.0,159.0
濃い大満足みかん,478.0,2.0,2,1,0.0005748756744160589,99.97259117861923,C,239.0,239.0
シーチキン＆たまごサラダ,478.0,2.0,1,1,0.0005748756744160589,99.97316605429364,C,478.0,239.0
カニカママカロニサラダ,478.0,2.0,2,1,0.0005748756744160589,99.97374092996806,C,239.0,239.0
週刊　女性セブン,482.0,1.0,3,1,0.0005796863495157749,99.97201630294481,C,161.0,482.0
おとうふくんグミ,483.0,3.0,3,1,0.0005808890182907039,99.9714366165953,C,161.0,161.0
オイコスドリンク　カフェ,496.0,2.0,1,1,0.0005965237123647807,99.970855727577,C,496.0,248.0
ニンフィアゼリードリンク,498.0,2.0,2,1,0.0005989290499146387,99.97025920386464,C,249.0,249.0
５種チーズのドリア,499.0,1.0,1,1,0.0006001317186895678,99.96966027481473,C,499.0,499.0
豚焼肉弁当（マヨネーズ付,499.0,1.0,1,1,0.0006001317186895678,99.96906014309604,C,499.0,499.0
ワンピデッキ　バギー,500.0,1.0,1,1,0.0006013343874644967,99.96846001137736,C,500.0,500.0
ネイビーやまがた県民手帳,500.0,1.0,1,1,0.0006013343874644967,99.96785867698989,C,500.0,500.0
ワンピデッキシャンクス,500.0,1.0,1,1,0.0006013343874644967,99.96725734260242,C,500.0,500.0
馬サブロー,500.0,1.0,1,1,0.0006013343874644967,99.96665600821495,C,500.0,500.0
ワンピデッキ　ティーチ,500.0,1.0,1,1,0.0006013343874644967,99.96605467382749,C,500.0,500.0
週刊女性自身,500.0,1.0,2,1,0.0006013343874644967,99.96545333944002,C,250.0,500.0
ワンピデッキジュエリー,500.0,1.0,1,1,0.0006013343874644967,99.96485200505255,C,500.0,500.0
新金封　結ちどり,500.0,1.0,1,1,0.0006013343874644967,99.96425067066508,C,500.0,500.0
ワンピデッキ紫黒ルフィ,500.0,1.0,1,1,0.0006013343874644967,99.96364933627761,C,500.0,500.0
勝馬,500.0,1.0,1,1,0.0006013343874644967,99.96304800189014,C,500.0,500.0
ワンピデッキ緑黄ヤマト,500.0,1.0,1,1,0.0006013343874644967,99.96244666750268,C,500.0,500.0
ノンオイル青じそドレッシ,504.0,18.0,15,1,0.0006061450625642127,99.96123918805264,C,34.0,28.0
つぶグミカタイソーダ,504.0,3.0,3,1,0.0006061450625642127,99.9618453331152,C,168.0,168.0
生パスタ海老トマトクリム,508.0,1.0,1,1,0.0006109557376639287,99.96063304299008,C,508.0,508.0
◎なすトマトソースグラタ,508.0,1.0,1,1,0.0006109557376639287,99.96002208725241,C,508.0,508.0
まるごとバナナ,520.0,2.0,2,1,0.0006253877629630766,99.95941113151474,C,260.0,260.0
クランキーＰＪストロベリ,525.0,3.0,2,1,0.0006314011068377216,99.95878574375178,C,262.0,175.0
コミック乱ツインズ,528.0,1.0,1,1,0.0006350091131625086,99.95815434264493,C,528.0,528.0
ヴァルトメロンクリック,528.0,1.0,1,1,0.0006350091131625086,99.95751933353176,C,528.0,528.0
ヴァルトミントクリック,528.0,1.0,1,1,0.0006350091131625086,99.9568843244186,C,528.0,528.0
ニベアディープモイスチャ,533.0,1.0,1,1,0.0006410224570371536,99.95624931530543,C,533.0,533.0
ジャージー牛乳プリン,534.0,3.0,3,1,0.0006422251258120825,99.9556082928484,C,178.0,178.0
辛口回鍋肉焼そば,536.0,1.0,1,1,0.0006446304633619405,99.95496606772258,C,536.0,536.0
ベ　ス　ト　カ　ー,537.0,1.0,2,1,0.0006458331321368695,99.95367560412708,C,268.0,537.0
オイコス　プレーン加糖,537.0,3.0,2,1,0.0006458331321368695,99.95432143725922,C,268.0,179.0
４Ｄグミサンリオキャラ,540.0,3.0,3,1,0.0006494411384616565,99.95302977099495,C,180.0,180.0
カフェラッテ,543.0,3.0,1,1,0.0006530491447864435,99.95238032985648,C,543.0,181.0
オレンジページ,544.0,1.0,2,1,0.0006542518135613726,99.9517272807117,C,272.0,544.0
コミック乱,546.0,1.0,1,1,0.0006566571511112305,99.95107302889814,C,546.0,546.0
ビューティチャージハニー,548.0,1.0,1,1,0.0006590624886610885,99.95041637174702,C,548.0,548.0
◎芋きんつば,552.0,3.0,2,2,0.0006638731637608044,99.94842956293084,C,276.0,184.0
はちみつとりんごのケーキ,552.0,2.0,2,1,0.0006638731637608044,99.9490934360946,C,276.0,276.0
白身フライごはん,552.0,2.0,2,1,0.0006638731637608044,99.94975730925836,C,276.0,276.0
天津あんかけ焼そば,554.0,1.0,1,1,0.0006662785013106624,99.94776568976708,C,554.0,554.0
半熟たまご大盛冷しうどん,554.0,1.0,3,1,0.0006662785013106624,99.94576685426314,C,185.0,554.0
◎増量大盛たこ焼き,554.0,1.0,1,1,0.0006662785013106624,99.94709941126577,C,554.0,554.0
大盛豚肉とねぎの塩焼そば,554.0,1.0,2,1,0.0006662785013106624,99.94643313276445,C,277.0,554.0
増量ロースかつカレー,555.0,1.0,1,1,0.0006674811700855914,99.94510057576183,C,555.0,555.0
チキングリル弁当,555.0,1.0,1,1,0.0006674811700855914,99.94443309459174,C,555.0,555.0
週刊アサヒ芸能,564.0,1.0,3,1,0.0006783051890599523,99.94376561342166,C,188.0,564.0
週刊ゴルフダイジェスト,573.0,1.0,3,1,0.0006891292080343132,99.9430873082326,C,191.0,573.0
増量３色そぼろ＆チキン南,580.0,1.0,1,1,0.0006975478894588162,99.94239817902456,C,580.0,580.0
ブルガリアＹＯさくらんぼ,585.0,3.0,3,1,0.0007035612333334613,99.9417006311351,C,195.0,195.0
増量　手巻　紅しゃけ,585.0,3.0,1,2,0.0007035612333334613,99.94099706990177,C,585.0,195.0
エナジーの塊,597.0,3.0,1,1,0.0007179932586326091,99.94029350866843,C,597.0,199.0
てんこ盛弁当,598.0,1.0,1,1,0.0007191959274075381,99.9395755154098,C,598.0,598.0
冷し鶏ねぎそば,599.0,1.0,1,1,0.0007203985961824671,99.9388563194824,C,599.0,599.0
鶏天うどん,599.0,1.0,1,1,0.0007203985961824671,99.93813592088621,C,599.0,599.0
今治ＴＨ斜ＳＴ　Ｔ紺,600.0,1.0,1,1,0.0007216012649573961,99.93741552229002,C,600.0,600.0
帆立と鰹の昆布水つけ麺,600.0,1.0,1,1,0.0007216012649573961,99.93669392102507,C,600.0,600.0
アスティーグ黒　Ｌ,600.0,1.0,1,1,0.0007216012649573961,99.93597231976011,C,600.0,600.0
今治ＴＨ２５春の色白,600.0,1.0,1,1,0.0007216012649573961,99.93525071849515,C,600.0,600.0
履歴書用紙,618.0,2.0,2,1,0.000743249302906118,99.9345291172302,C,309.0,309.0
かっぱえびせん鳴門の塩,632.0,4.0,4,1,0.0007600866657551239,99.9337858679273,C,158.0,158.0
月刊　少年マガジン,637.0,1.0,1,1,0.0007661000096297688,99.9314935812423,C,637.0,637.0
今治ＴＨ　ストライプＢＧ,637.0,1.0,1,1,0.0007661000096297688,99.93225968125192,C,637.0,637.0
今治ＴＨ　ハート,637.0,1.0,1,1,0.0007661000096297688,99.93302578126155,C,637.0,637.0
ビーフハンバーグのロコモ,647.0,1.0,2,1,0.0007781266973790588,99.9291712278379,C,324.0,647.0
背徳　月見台湾風まぜそば,647.0,1.0,1,1,0.0007781266973790588,99.93072748123267,C,647.0,647.0
ラーメン荘　豚ラーメン,647.0,1.0,1,1,0.0007781266973790588,99.92994935453528,C,647.0,647.0
ＳＤドライクリスタル３５,648.0,3.0,1,1,0.0007793293661539878,99.92839310114051,C,648.0,216.0
バヤリース果実のど飴,660.0,3.0,2,1,0.0007937613914531357,99.92761377177436,C,330.0,220.0
スイートサンダーいちご,660.0,11.0,10,1,0.0007937613914531357,99.92682001038291,C,66.0,60.0
ＦＬＡＳＨ　（フラッシュ,664.0,1.0,2,1,0.0007985720665528517,99.92602624899146,C,332.0,664.0
マミー風味シュークリーム,668.0,4.0,1,2,0.0008033827416525676,99.9252276769249,C,668.0,167.0
クリーム＆コーヒーゼリー,675.0,5.0,4,1,0.0008118014230770707,99.92442429418325,C,169.0,135.0
香ばし炒めの玉子炒飯,682.0,2.0,1,1,0.0008202201045015736,99.92361249276017,C,682.0,341.0
レインコートＭ,687.0,1.0,1,1,0.0008262334483762185,99.92279227265567,C,687.0,687.0
天タレおむすび,690.0,5.0,1,1,0.0008298414547010056,99.92113619775259,C,690.0,138.0
ガイコツグミグレープ味,690.0,3.0,3,1,0.0008298414547010056,99.92196603920729,C,230.0,230.0
サラサクリップ　赤,693.0,7.0,7,2,0.0008334494610257926,99.92030635629789,C,99.0,99.0
ｈａｎａキンモクセイ,698.0,1.0,1,1,0.0008394628049004376,99.91947290683686,C,698.0,698.0
パリジャンサンドチキンべ,700.0,2.0,1,1,0.0008418681424502954,99.91863344403195,C,700.0,350.0
ＦＲＩＤＡＹ（フライデー,710.0,1.0,2,1,0.0008538948301995853,99.91779157588951,C,355.0,710.0
パイの実レアチーズケーキ,714.0,3.0,3,1,0.0008587055052993014,99.91693768105931,C,238.0,238.0
グミっちょ夕張メロン,714.0,3.0,1,2,0.0008587055052993014,99.91607897555402,C,714.0,238.0
夏ポテト紀州の南高梅味,716.0,4.0,4,1,0.0008611108428491594,99.91522027004872,C,179.0,179.0
◎チョコツイスト３本入,720.0,5.0,3,1,0.0008659215179488754,99.91435915920587,C,240.0,144.0
ターザン,728.0,1.0,2,2,0.0008755428681483072,99.91349323768793,C,364.0,728.0
トルティーヤケバブチキン,738.0,2.0,1,1,0.0008875695558975971,99.91173012526389,C,738.0,369.0
パリパリ麺サラダ,738.0,2.0,5,1,0.0008875695558975971,99.91261769481979,C,148.0,369.0
慶弔サインペン（筆文字）,750.0,3.0,3,1,0.0009020015811967452,99.91084255570799,C,250.0,250.0
巨峰大福（白こしあん）,752.0,4.0,1,1,0.0009044069187466032,99.90994055412679,C,752.0,188.0
オイコス　パッションフル,756.0,4.0,4,1,0.000909217593846319,99.90903614720804,C,189.0,189.0
ポップアップス！うさぎ,780.0,2.0,2,1,0.000938081644444615,99.9081269296142,C,390.0,390.0
ショートＳ灰緑／白小,780.0,2.0,2,1,0.000938081644444615,99.90718884796975,C,390.0,390.0
多当仏　御霊前,783.0,9.0,9,3,0.0009416896507694019,99.9062507663253,C,87.0,87.0
チップスターＳバター味,790.0,5.0,3,1,0.0009501083321939049,99.90340886001015,C,263.0,158.0
無限そら豆濃塩ポーク,790.0,5.0,5,1,0.0009501083321939049,99.90435896834234,C,158.0,158.0
玉ねぎせん,790.0,5.0,5,1,0.0009501083321939049,99.90530907667453,C,158.0,158.0
月見チーズバーガー,798.0,2.0,1,1,0.0009597296823933369,99.90245875167795,C,798.0,399.0
Ｇファイトシャープ芯ＨＢ,800.0,4.0,5,1,0.0009621350199431948,99.90149902199556,C,160.0,200.0
◎根菜入つくね和風スープ,812.0,2.0,2,1,0.0009765670452423429,99.90053688697562,C,406.0,406.0
チョコパイとろ甘キャラメ,828.0,6.0,4,1,0.0009958097456412066,99.89956031993037,C,207.0,138.0
２０品目のサラダ,828.0,3.0,3,1,0.0009958097456412066,99.89856451018473,C,276.0,276.0
ねるねるねるねゼリー,828.0,3.0,1,1,0.0009958097456412066,99.89756870043908,C,828.0,276.0
シャインマスカットのど飴,840.0,8.0,4,1,0.0010102417709403546,99.89455240715155,C,210.0,105.0
ブルガリアＹＯブルーベ,840.0,5.0,5,1,0.0010102417709403546,99.89657289069343,C,168.0,168.0
ソルベットグミ白桃味,840.0,6.0,4,1,0.0010102417709403546,99.89556264892249,C,210.0,140.0
◎ミニベーコンピザパン４,848.0,4.0,1,1,0.0010198631211397865,99.89354216538061,C,848.0,212.0
具だくさん！チャーシュー,860.0,4.0,1,1,0.0010342951464389343,99.89252230225947,C,860.0,215.0
週刊　東洋経済,864.0,1.0,3,1,0.0010391058215386503,99.89148800711303,C,288.0,864.0
多当祝　御祝,870.0,10.0,6,2,0.0010463218341882244,99.89044890129149,C,145.0,87.0
週　刊　大　衆,874.0,2.0,3,1,0.0010511325092879404,99.88940257945731,C,291.0,437.0
黒わらび餅,890.0,5.0,4,1,0.0010703752096868043,99.88835144694802,C,222.0,178.0
ネオＢマスカッット,910.0,2.0,2,2,0.001094428585185384,99.88728107173833,C,455.0,455.0
ハニーミルクティー,920.0,4.0,3,1,0.001106455272934674,99.88618664315314,C,307.0,230.0
すだち明太クリームうどん,924.0,2.0,3,1,0.0011112659480343899,99.8850801878802,C,308.0,462.0
唐揚巻（マヨネーズ付）,924.0,2.0,2,2,0.0011112659480343899,99.88396892193217,C,462.0,462.0
ミルクブッセ,930.0,10.0,6,1,0.001118481960683964,99.88285765598413,C,155.0,93.0
宇都宮線・高崎線チップス,936.0,6.0,6,1,0.0011256979733335378,99.88173917402344,C,156.0,156.0
なめらか食感水ようかん,948.0,6.0,5,1,0.001140129998632686,99.8806134760501,C,190.0,158.0
◎ラベルレス天然水安曇箱,978.0,2.0,1,1,0.0011762100618805556,99.87947334605147,C,978.0,489.0
その他４口座売上,984.0,6.0,3,1,0.0011834260745301297,99.87711370991505,C,328.0,164.0
ツナたまごサンド,984.0,4.0,4,1,0.0011834260745301297,99.87829713598958,C,246.0,246.0
キャラパキ発掘恐竜,990.0,9.0,7,1,0.0011906420871797036,99.87593028384052,C,141.0,110.0
イープラス　発券,990.0,5.0,5,1,0.0011906420871797036,99.87473964175334,C,198.0,198.0
レインボーキューブグミ,990.0,5.0,4,2,0.0011906420871797036,99.87354899966616,C,248.0,198.0
プロテインキャラメル,996.0,4.0,4,1,0.0011978580998292774,99.87235835757897,C,249.0,249.0
マッキー　極細　黒,999.0,9.0,9,2,0.0012014661061540645,99.87116049947915,C,111.0,111.0
マカダミアチョコ沖縄黒糖,999.0,3.0,1,1,0.0012014661061540645,99.869959033373,C,999.0,333.0
モンストロマーブルガム,1000.0,10.0,7,1,0.0012026687749289934,99.86875756726684,C,143.0,100.0
◎クロワッサンワッフル,1002.0,6.0,4,1,0.0012050741124788515,99.86755489849192,C,250.0,167.0
キレートレモンクエン酸,1050.0,6.0,3,1,0.0012628022136754432,99.8638242199521,C,350.0,175.0
ぷっちょ袋ＨＷアソート,1050.0,5.0,5,1,0.0012628022136754432,99.86508702216577,C,210.0,210.0
食べマスおぱんちゅうさぎ,1050.0,3.0,2,1,0.0012628022136754432,99.86634982437944,C,525.0,350.0
ヴァルトＩベリークリック,1056.0,2.0,1,1,0.0012700182263250172,99.86002138128578,C,1056.0,528.0
ヴァルトベリークリック,1056.0,2.0,2,1,0.0012700182263250172,99.86256141773842,C,528.0,528.0
クール・ＢＯＸ,1056.0,2.0,2,1,0.0012700182263250172,99.8612913995121,C,528.0,528.0
オイコス　レモン＆ハニー,1074.0,6.0,6,1,0.001291666264273739,99.85875136305945,C,179.0,179.0
Ｃ玄米プラス　アーモンド,1080.0,6.0,6,1,0.001298882276923313,99.85745969679517,C,180.0,180.0
クラッシュ蒟蒻畑みかん味,1098.0,6.0,5,1,0.001320530314872035,99.85616081451825,C,220.0,183.0
ポテトＣ感謝のほたてしお,1099.0,7.0,5,1,0.001321732983646964,99.85484028420338,C,220.0,157.0
カロリーメイト　バニラ,1100.0,5.0,5,1,0.001322935652421893,99.85351855121974,C,220.0,220.0
のむココナッツ杏仁,1104.0,4.0,3,1,0.0013277463275216089,99.85219561556731,C,368.0,276.0
◎ロングスティックパン（,1106.0,7.0,1,2,0.001330151665071467,99.85086786923979,C,1106.0,158.0
大盛！野菜スティック,1107.0,3.0,3,1,0.001331354333846396,99.84953771757472,C,369.0,369.0
スパイシーチキン野菜サラ,1108.0,2.0,2,1,0.0013325570026213249,99.84820636324088,C,554.0,554.0
甘辛醤油たれ唐揚弁当,1110.0,2.0,2,1,0.0013349623401711828,99.84687380623825,C,555.0,555.0
ＳＰＡ！（スパ！）,1146.0,2.0,4,1,0.0013782584160686264,99.84553884389808,C,286.0,573.0
フリクションノックＢＫ,1150.0,5.0,5,1,0.0013830690911683426,99.84416058548202,C,230.0,230.0
とろ生おいもチーズケーキ,1150.0,5.0,1,2,0.0013830690911683426,99.84277751639085,C,1150.0,230.0
◎ミルクツイスト３本入,1152.0,8.0,1,1,0.0013854744287182005,99.84139444729969,C,1152.0,144.0
福かまど　べこ餅,1155.0,7.0,7,1,0.0013890824350429876,99.84000897287098,C,165.0,165.0
◎ふわふわアソートリン４,1158.0,6.0,1,1,0.0013926904413677746,99.83861989043594,C,1158.0,193.0
◎春雨スープ担々麺味,1169.0,7.0,7,1,0.0014059197978919934,99.83722719999457,C,167.0,167.0
ポップアップス！ハチワレ,1170.0,3.0,3,1,0.0014071224666669226,99.83441415773001,C,390.0,390.0
増量　手巻　辛子明太子,1170.0,6.0,1,2,0.0014071224666669226,99.83582128019668,C,1170.0,195.0
◎白生コッペパン（トリプ,1176.0,8.0,3,1,0.0014143384793164964,99.83300703526334,C,392.0,147.0
優馬,1182.0,2.0,2,1,0.0014215544919660703,99.83159269678401,C,591.0,591.0
ごろっと白桃ケーキ,1188.0,4.0,2,1,0.0014287705046156444,99.82874237178743,C,594.0,297.0
ハリボーハッピーグレープ,1188.0,6.0,4,1,0.0014287705046156444,99.83017114229204,C,297.0,198.0
カスタムプラスＥＸ首振り,1194.0,3.0,4,1,0.0014359865172652183,99.82731360128281,C,298.0,398.0
北海道リッチミルクプリン,1197.0,3.0,2,1,0.0014395945235900053,99.82587761476555,C,598.0,399.0
彩りサラダチキンサンド,1197.0,3.0,1,1,0.0014395945235900053,99.82443802024196,C,1197.0,399.0
アスティーグ黒　Ｍ,1200.0,2.0,2,1,0.0014432025299147922,99.82299842571837,C,600.0,600.0
ビオレトラベルセット,1240.0,2.0,2,1,0.001491309280911952,99.82155522318845,C,620.0,620.0
チョコパイほろ苦ダークカ,1242.0,9.0,7,1,0.00149371461846181,99.82006391390755,C,177.0,138.0
ｉｎゼリーＶカロリーゼロ,1260.0,6.0,2,1,0.0015153626564105317,99.81250874866346,C,630.0,210.0
ａｍｉ活ゼリーピングレ味,1260.0,6.0,5,1,0.0015153626564105317,99.81402411131987,C,252.0,210.0
つかめる実験！ふしぎ玉,1260.0,7.0,7,1,0.0015153626564105317,99.81553947397627,C,180.0,180.0
ヒヤロン,1260.0,7.0,5,1,0.0015153626564105317,99.81857019928908,C,252.0,180.0
ヘルシア緑茶　３５０ｍｌ,1260.0,7.0,2,1,0.0015153626564105317,99.81705483663268,C,630.0,180.0
◎しっとりやわらか食パ６,1264.0,8.0,9,1,0.0015201733315102477,99.81099338600706,C,140.0,158.0
ノンシュガー塩果実キャン,1266.0,6.0,5,1,0.0015225786690601058,99.80947321267554,C,253.0,211.0
あなご寿司,1275.0,5.0,1,2,0.0015334026880344665,99.80795063400649,C,1275.0,255.0
電卓　１２桁,1280.0,1.0,1,1,0.0015394160319091117,99.80641723131845,C,1280.0,1280.0
千里眼　ニンニクまぜそば,1294.0,2.0,2,1,0.0015562533947581175,99.80487781528655,C,647.0,647.0
明太マヨいか天,1300.0,10.0,11,1,0.0015634694074076916,99.80332156189179,C,118.0,130.0
ガパオまぜごはん,1304.0,8.0,1,1,0.0015682800825074076,99.80175809248439,C,1304.0,163.0
１日分Ｖゼリーピーチ,1308.0,6.0,2,1,0.0015730907576071236,99.80018981240188,C,654.0,218.0
◎南高梅うす塩個食,1310.0,10.0,10,1,0.0015754960951569815,99.79861672164428,C,131.0,131.0
パステルのプリンマドレー,1320.0,6.0,6,1,0.0015875227829062713,99.79704122554912,C,220.0,220.0
グローＨＧブラック,1346.0,1.0,1,1,0.0016187921710544252,99.79545370276621,C,1346.0,1346.0
野菜生活１００オリジナル,1356.0,12.0,5,1,0.0016308188588037152,99.79383491059515,C,271.0,113.0
ＢＳおつまみ激辛チキン,1360.0,10.0,7,1,0.0016356295339034312,99.79220409173635,C,194.0,136.0
ｉｎバー　ベイクドビター,1360.0,8.0,6,1,0.0016356295339034312,99.79056846220244,C,227.0,170.0
メビウスＥＭＯＰＰ５Ｓ,1365.0,3.0,2,1,0.0016416428777780762,99.78893283266854,C,682.0,455.0
天使のチーズケーキ,1380.0,6.0,7,1,0.0016596829094020112,99.78397182397195,C,197.0,230.0
フルーツサラダヨーグルト,1380.0,6.0,5,1,0.0016596829094020112,99.78231214106255,C,276.0,230.0
にゃんともチーズ塩バニラ,1380.0,6.0,5,2,0.0016596829094020112,99.78729118979076,C,276.0,230.0
フルーツの沼メロン＆白桃,1380.0,6.0,3,1,0.0016596829094020112,99.78563150688136,C,460.0,230.0
メキシカンチキン雑穀,1386.0,3.0,1,1,0.0016668989220515852,99.78065245815314,C,1386.0,462.0
◎ひとくち濃厚梅だれせん,1390.0,10.0,9,1,0.001671709597151301,99.77898555923109,C,154.0,139.0
塩分チャージタブ小袋,1400.0,10.0,3,1,0.0016837362849005909,99.77731384963394,C,467.0,140.0
ＯＡＴＳＩＤＥプレーン,1408.0,11.0,6,1,0.0016933576351000229,99.77563011334904,C,235.0,128.0
秋のフルーツこれ一本,1416.0,12.0,6,1,0.0017029789852994548,99.77393675571393,C,236.0,118.0
コロネクッキー,1420.0,20.0,14,1,0.0017077896603991706,99.77223377672864,C,101.0,71.0
チップスターＳ梅しそ味,1422.0,9.0,9,1,0.001710194997949029,99.77052598706824,C,158.0,158.0
ヴイックスのど飴シトラス,1428.0,6.0,6,1,0.0017174110105986028,99.76881579207028,C,238.0,238.0
もちっとガブリマスカット,1430.0,10.0,4,1,0.0017198163481484607,99.76709838105968,C,358.0,143.0
森永れん乳風味クレープ,1434.0,6.0,1,1,0.0017246270232481767,99.76537856471154,C,1434.0,239.0
１９６無糖３種の果実３５,1449.0,9.0,1,1,0.0017426670548721119,99.76365393768829,C,1449.0,161.0
大きなおむすび唐揚げマヨ,1450.0,5.0,1,1,0.0017438697236470408,99.76191127063342,C,1450.0,290.0
ラーク・ＢＯＸ,1473.0,3.0,3,1,0.0017715311054704074,99.76016740090978,C,491.0,491.0
鶏そぼろ野沢菜醤油パスタ,1476.0,4.0,3,2,0.0017751391117951942,99.7583958698043,C,492.0,369.0
大きなロール焼そばたまご,1476.0,4.0,3,2,0.0017751391117951942,99.7566207306925,C,492.0,369.0
ポケカ拡張ナイトワンダ,1476.0,9.0,4,1,0.0017751391117951942,99.7548455915807,C,369.0,164.0
◎ふくちゃん豚骨どんぶり,1485.0,5.0,3,1,0.0017859631307695551,99.7530704524689,C,495.0,297.0
◎生コッペパン（モンブラ,1485.0,11.0,1,3,0.0017859631307695551,99.75128448933813,C,1485.0,135.0
ナイキ　ラバーグローブＭ,1494.0,3.0,3,1,0.0017967871497439163,99.74770173905762,C,498.0,498.0
ナイキ　ラバーグローブＬ,1494.0,3.0,2,1,0.0017967871497439163,99.74949852620736,C,747.0,498.0
生パスタ　カルボナーラ,1497.0,3.0,2,2,0.0018003951560687033,99.74590495190787,C,748.0,499.0
ラー油四川風麻婆焼そば,1497.0,3.0,3,1,0.0018003951560687033,99.74410455675181,C,499.0,499.0
競馬ブック,1500.0,3.0,3,1,0.0018040031623934904,99.74230416159574,C,500.0,500.0
マウススプレークールＭ,1506.0,6.0,6,1,0.0018112191750430644,99.74050015843335,C,251.0,251.0
オイコス　ピーチ,1512.0,8.0,5,1,0.001818435187692638,99.73868893925831,C,302.0,189.0
野菜生活北海道メロン,1518.0,11.0,10,1,0.0018256512003422122,99.73687050407062,C,152.0,138.0
紫いもミルクティー,1520.0,8.0,3,1,0.00182805653789207,99.73504485287027,C,507.0,190.0
コロコロハイチュウ,1524.0,12.0,9,1,0.0018328672129917863,99.73321679633239,C,169.0,127.0
ハイチュウ人気ミックス,1524.0,12.0,11,1,0.0018328672129917863,99.73138392911939,C,139.0,127.0
Ｍアーモンドチョコレート,1525.0,5.0,5,1,0.0018340698817667152,99.72955106190639,C,305.0,305.0
激辛韓国風焼そば,1530.0,3.0,4,1,0.00184008322564136,99.72771699202463,C,382.0,510.0
◎麻辣花生,1536.0,12.0,10,1,0.001847299238290934,99.72587690879898,C,154.0,128.0
沖縄黒糖のブラウにゃー,1540.0,7.0,6,1,0.0018521099133906502,99.72402960956069,C,257.0,220.0
じゃがりこ肉じゃがｂｉｔ,1548.0,12.0,9,1,0.0018617312635900818,99.7221774996473,C,172.0,129.0
ゆず塩ラーメンサラダ,1556.0,4.0,5,1,0.0018713526137895137,99.72031576838371,C,311.0,389.0
厚切りポテトペッパー,1562.0,11.0,9,1,0.0018785686264390878,99.71844441576992,C,174.0,142.0
炙り焼　鳥めし弁当,1578.0,3.0,4,1,0.0018978113268379518,99.71656584714349,C,394.0,526.0
コーヒーブッセ,1581.0,17.0,8,1,0.0019014193331627388,99.71466803581664,C,198.0,93.0
テリヤキチキンのサラダ,1588.0,4.0,4,1,0.0019098380145872419,99.71276661648348,C,397.0,397.0
カンデミーナＷ電撃ライチ,1600.0,8.0,7,1,0.0019242700398863896,99.7108567784689,C,229.0,200.0
ペパーミント１００ＭＬ,1600.0,8.0,8,1,0.0019242700398863896,99.708932508429,C,200.0,200.0
ミニたべっ子塩バター味,1600.0,10.0,6,1,0.0019242700398863896,99.70700823838911,C,267.0,160.0
鳴門金時ラテ,1602.0,6.0,4,1,0.0019266753774362475,99.70508396834921,C,400.0,267.0
カカオ味わうショコララテ,1610.0,7.0,4,1,0.0019362967276356795,99.70315729297178,C,402.0,230.0
◎あたりめ　小,1617.0,11.0,11,1,0.0019447154090601825,99.70122099624415,C,147.0,147.0
Ｐルックシャインマスカッ,1620.0,6.0,4,1,0.0019483234153849693,99.69927628083508,C,405.0,270.0
Ｓスター７Ｂ,1638.0,3.0,2,1,0.0019699714533336914,99.69732795741969,C,819.0,546.0
コアラのマーチいちご,1640.0,10.0,10,1,0.0019723767908835497,99.69535798596635,C,164.0,164.0
こだわりカレー,1649.0,5.0,5,1,0.0019832008098579104,99.69338560917546,C,330.0,330.0
◎ルイボスティー６００,1650.0,15.0,1,1,0.0019844034786328396,99.6914024083656,C,1650.0,110.0
たべっ子ラムネレモン味,1650.0,11.0,8,1,0.0019844034786328396,99.68941800488697,C,206.0,150.0
カレーせんオリジナルスパ,1656.0,12.0,12,1,0.001991619491282413,99.68743360140834,C,138.0,138.0
マスカットのど飴小袋,1656.0,12.0,5,1,0.001991619491282413,99.68544198191707,C,331.0,138.0
健康のど飴冷やし飴小袋,1656.0,12.0,12,2,0.001991619491282413,99.68345036242579,C,138.0,138.0
花椒香る　麻婆焼そばＤ２,1662.0,3.0,3,1,0.0019988355039319873,99.67746107192666,C,554.0,554.0
野菜を食べよう　タンメン,1662.0,3.0,2,1,0.0019988355039319873,99.68145874293451,C,831.0,554.0
麻辣湯（はるさめ麺）,1662.0,3.0,3,1,0.0019988355039319873,99.67945990743058,C,554.0,554.0
ねぎ塩チキン醤油まぶし飯,1665.0,3.0,3,1,0.002002443510256774,99.67546223642273,C,555.0,555.0
銀鮭と煮物の幕の内弁当,1665.0,3.0,5,1,0.002002443510256774,99.67345979291248,C,333.0,555.0
フライドチキン＆ハンバー,1665.0,3.0,7,1,0.002002443510256774,99.67145734940223,C,238.0,555.0
◎マシマシ紅しょうがせん,1666.0,14.0,11,2,0.002003646179031703,99.66945490589198,C,151.0,119.0
うるおいトラベルセット,1680.0,1.0,1,1,0.002020483541880709,99.66745125971295,C,1680.0,1680.0
たべっ子水族館ソルティ,1700.0,10.0,9,1,0.002044536917379289,99.66543077617106,C,189.0,170.0
ダブルフロマージュ　２個,1704.0,4.0,3,1,0.002049347592479005,99.66338623925368,C,568.0,426.0
掘って発見スイートポテト,1705.0,5.0,3,2,0.0020505502612539342,99.66133689166121,C,568.0,341.0
ＵＳＢ－Ｃ電池充電器,1710.0,1.0,1,1,0.0020565636051285787,99.65928634139995,C,1710.0,1710.0
レジ袋弁当大バイオマス,1730.0,346.0,88,3,0.002080616980627159,99.65722977779483,C,20.0,5.0
激モロコシフライドアラレ,1738.0,11.0,7,1,0.002090238330826591,99.65305892248338,C,248.0,158.0
めっちゃふくらむフーセン,1738.0,11.0,5,1,0.002090238330826591,99.6551491608142,C,348.0,158.0
シフォンマンゴー＆ピーチ,1750.0,7.0,5,2,0.0021046703561257386,99.65096868415256,C,350.0,250.0
Ｃ１０００コラーゲン＆,1764.0,12.0,11,1,0.0021215077189747447,99.64886401379643,C,160.0,147.0
コロロ二十世紀梨,1776.0,12.0,8,1,0.002135939744273893,99.64460656633318,C,222.0,148.0
フェットチーネＰピーチパ,1776.0,12.0,7,1,0.002135939744273893,99.64674250607746,C,254.0,148.0
アーモンド効果プロテイン,1782.0,9.0,7,1,0.0021431557569234665,99.6424706265889,C,255.0,198.0
おろしタツタ弁当（わかめ,1794.0,3.0,5,1,0.0021575877822226142,99.64032747083198,C,359.0,598.0
チャーシュー冷しまぜそば,1797.0,3.0,3,1,0.0021611957885474013,99.63816988304976,C,599.0,599.0
たべっ子グミグレープ＆マ,1800.0,9.0,5,1,0.0021648037948721883,99.63600868726121,C,360.0,200.0
ルイボスティーハイ３４０,1810.0,10.0,7,2,0.002176830482621478,99.63384388346634,C,259.0,181.0
クラッシュ蒟蒻畑ぶどう味,1830.0,10.0,3,1,0.002200883858120058,99.63166705298372,C,610.0,183.0
ショコラキャラメルタルト,1840.0,8.0,5,2,0.002212910545869348,99.62946616912559,C,368.0,230.0
マーブル,1840.0,10.0,10,1,0.002212910545869348,99.62725325857973,C,184.0,184.0
アポロチョコレート,1840.0,10.0,8,1,0.002212910545869348,99.62504034803386,C,230.0,184.0
冷し担担麺,1848.0,4.0,3,1,0.0022225318960687798,99.62060490559193,C,616.0,462.0
◎こだわりのフロランタン,1848.0,10.0,6,2,0.0022225318960687798,99.622827437488,C,308.0,185.0
和牛カラムーチョわさび,1860.0,12.0,9,1,0.002236963921367928,99.61838237369587,C,207.0,155.0
ｉｎバー　ベイクドチョコ,1870.0,11.0,7,2,0.002248990609117218,99.6161454097745,C,267.0,170.0
ＹＯＵＮＧ　ＫＩＮＧ（ヤ,1883.0,4.0,5,1,0.0022646253031912947,99.61389641916539,C,377.0,471.0
ぷっちょＳＴメガコーラ,1888.0,16.0,6,1,0.00227063864706594,99.61163179386219,C,315.0,118.0
スニッカーズハーフＳアー,1896.0,12.0,9,1,0.002280259997265372,99.60936115521513,C,211.0,158.0
檸檬堂夏のラムネとレモン,1920.0,12.0,4,1,0.0023091240478636675,99.60708089521786,C,480.0,160.0
ガルボ紫いもＰＫＰ,1925.0,11.0,2,3,0.0023151373917383125,99.60477177117,C,962.0,175.0
◎とうふとわかめ,1936.0,16.0,12,1,0.0023283667482625315,99.60245663377826,C,161.0,121.0
紳士くるぶし丈Ｓ黒,1950.0,5.0,6,1,0.0023452041111115375,99.60012826703,C,325.0,390.0
ちいかわひやキャラ,1960.0,7.0,3,1,0.0023572307988608274,99.5977830629189,C,653.0,280.0
ラークウルトラ１・１００,1964.0,4.0,4,1,0.002362041473960543,99.59542583212003,C,491.0,491.0
もち明太チーズドリア,1964.0,4.0,4,1,0.002362041473960543,99.59306379064607,C,491.0,491.0
セロテープ小巻直線カッタ,1980.0,9.0,9,1,0.002381284174359407,99.59070174917211,C,220.0,220.0
ゼロチョコレートクリスプ,1980.0,9.0,10,1,0.002381284174359407,99.58832046499775,C,198.0,220.0
ライトニングイヤホン変換,1982.0,1.0,1,1,0.002383689511909265,99.58593918082339,C,1982.0,1982.0
うるおいさらっとジェル,1982.0,7.0,7,3,0.002383689511909265,99.58355549131147,C,283.0,283.0
スティックモンブラン,1992.0,8.0,5,1,0.002395716199658555,99.58117180179956,C,398.0,249.0
ゆず鶏だしミニ塩ラーメン,1995.0,5.0,5,1,0.0023993242059833424,99.5787760855999,C,399.0,399.0
やまがた県民手帳ブラック,2000.0,4.0,4,1,0.002405337549857987,99.57637676139392,C,500.0,500.0
モンブランのサンダー,2000.0,40.0,21,2,0.002405337549857987,99.57397142384406,C,95.0,50.0
◎春雨スープかきたま,2004.0,12.0,12,1,0.002410148224957703,99.5715660862942,C,167.0,167.0
氷結無糖ゆずＳＰ３５０,2016.0,12.0,4,1,0.002424580250256851,99.56915593806924,C,504.0,168.0
ＰＧスイートチリＳ缶,2016.0,12.0,8,1,0.002424580250256851,99.56673135781898,C,252.0,168.0
モッチ生ドーナツ生チョコ,2024.0,11.0,5,1,0.0024342016004562828,99.56430677756872,C,405.0,184.0
デイリースポーツ東日本,2044.0,14.0,6,2,0.002458254975954863,99.56187257596827,C,341.0,146.0
つぶ塩梅,2054.0,13.0,7,1,0.002470281663704153,99.55941432099232,C,293.0,158.0
週　刊　ポ　ス　ト,2076.0,4.0,5,1,0.002496740376752591,99.55694403932861,C,415.0,519.0
コカ・コーラ　３００,2090.0,19.0,6,1,0.0025135777396015965,99.55444729895186,C,348.0,110.0
ユニアリ　ワンパンマン,2100.0,6.0,4,1,0.0025256044273508863,99.55193372121225,C,525.0,350.0
ＢＩＧあらびきソーセージ,2100.0,14.0,14,1,0.0025256044273508863,99.5494081167849,C,150.0,150.0
べスティＥＸ首振り,2100.0,21.0,16,1,0.0025256044273508863,99.54688251235756,C,131.0,100.0
きのことベーコンのドリア,2104.0,4.0,4,1,0.0025304151024506025,99.54435690793021,C,526.0,526.0
しあわせ素肌ミニ夜用,2106.0,13.0,12,1,0.0025328204400004604,99.54182649282775,C,176.0,162.0
極上はちみつ紅茶Ｃ小袋,2125.0,17.0,12,1,0.0025556711467241114,99.53929367238776,C,177.0,125.0
牛スープの旨み盛岡風冷麺,2144.0,4.0,5,1,0.002578521853447762,99.53673800124103,C,429.0,536.0
堅あげ焼きとうもろこし,2148.0,12.0,9,1,0.002583332528547478,99.53415947938758,C,239.0,179.0
こんがりパンポタージュ,2152.0,12.0,11,1,0.002588143203647194,99.53157614685904,C,196.0,179.0
ちいかわステッカーグミ,2160.0,12.0,6,1,0.002597764553846626,99.52898800365539,C,360.0,180.0
んぽちゃむグミ,2160.0,12.0,12,1,0.002597764553846626,99.5237924745477,C,180.0,180.0
Ｃ玄米ブラン贅沢ミルク,2160.0,12.0,10,1,0.002597764553846626,99.52639023910154,C,216.0,180.0
シゲキックス梅ソルト味,2160.0,18.0,5,2,0.002597764553846626,99.52119470999386,C,432.0,120.0
ライトニング電池充電器,2164.0,1.0,1,1,0.002602575228946342,99.51859694544002,C,2164.0,2164.0
Ｆ謹製塩豆大福,2171.0,13.0,7,1,0.002610993910370845,99.51599437021108,C,310.0,167.0
ソフト携帯吸殻入れ,2184.0,8.0,8,3,0.002626628604444922,99.51338337630071,C,273.0,273.0
カロリーメイトチョコ,2200.0,10.0,10,1,0.002645871304843786,99.50811087639141,C,220.0,220.0
たべっ子グミパイナップル,2200.0,11.0,10,1,0.002645871304843786,99.51075674769626,C,220.0,200.0
お手軽！冷しぶっかけそば,2208.0,8.0,8,1,0.0026554926550432178,99.50280951243153,C,276.0,276.0
まるで桃みたいなケーキ,2208.0,8.0,4,2,0.0026554926550432178,99.50015401977649,C,552.0,276.0
◎フルーツＣ塩レモン,2208.0,8.0,8,1,0.0026554926550432178,99.50546500508656,C,276.0,276.0
ｉｎバープロテインバニラ,2210.0,13.0,9,2,0.0026578979925930757,99.49749852712145,C,246.0,170.0
国産チキン彩り野菜うどん,2216.0,4.0,3,1,0.0026651140052426497,99.49484062912886,C,739.0,554.0
増量明太海苔弁当,2220.0,4.0,4,1,0.0026699246803423655,99.49217551512362,C,555.0,555.0
さつまりこ焼きいも,2220.0,12.0,6,1,0.0026699246803423655,99.48950559044327,C,370.0,185.0
ふわしゅわスフレレモン,2241.0,9.0,7,2,0.0026951807246158744,99.48683566576292,C,320.0,249.0
のむフルーチェイチゴ,2241.0,9.0,5,1,0.0026951807246158744,99.48414048503831,C,448.0,249.0
◎おこめチップスのりしお,2241.0,9.0,9,1,0.0026951807246158744,99.4814453043137,C,249.0,249.0
ブルガリアＹＯ　苺,2252.0,14.0,9,2,0.0027084100811400934,99.47875012358908,C,250.0,161.0
チキンチェダーたまご,2260.0,5.0,1,1,0.0027180314313395254,99.47604171350794,C,2260.0,452.0
メビウスＥ６　１００Ｓ,2275.0,5.0,4,1,0.00273607146296346,99.4733236820766,C,569.0,455.0
ポテトＣおたくのマヨ味,2280.0,12.0,10,1,0.002742084806838105,99.47058761061363,C,228.0,190.0
綴じノートＢ５Ａ罫,2288.0,11.0,11,1,0.002751706157037537,99.4678455258068,C,208.0,208.0
チーズあじカカールアーモ,2300.0,10.0,10,1,0.0027661381823366853,99.46509381964975,C,230.0,230.0
ぶどうきゃん,2304.0,18.0,15,1,0.002770948857436401,99.46232768146741,C,154.0,128.0
◎ファミマ・ザ・クリーム,2304.0,18.0,8,1,0.002770948857436401,99.45955673260998,C,288.0,128.0
最強王図鑑激闘バトルグミ,2316.0,12.0,6,1,0.002785380882735549,99.45678578375255,C,386.0,193.0
ミックスアイス,2320.0,5.0,5,1,0.002790191557835265,99.45400040286981,C,464.0,464.0
グミチョコ苺,2330.0,10.0,6,1,0.002802218245584555,99.45121021131197,C,388.0,233.0
納豆細巻寿司（２巻増量）,2334.0,6.0,6,1,0.002807028920684271,99.44840799306638,C,389.0,389.0
ドリトス激辛ナチョチーズ,2340.0,13.0,10,1,0.002814244933333845,99.44278671921236,C,234.0,180.0
婦人リブＳ白,2340.0,6.0,8,1,0.002814244933333845,99.4456009641457,C,292.0,390.0
堅あげ極味玉ねぎ黒胡椒,2352.0,12.0,7,1,0.002828676958632993,99.43997247427903,C,336.0,196.0
鮭ほぐし飯（和風だしごは,2366.0,7.0,4,1,0.0028455143214819985,99.4371437973204,C,592.0,338.0
パイの実,2370.0,10.0,8,1,0.0028503249965817147,99.43429828299892,C,296.0,237.0
◎紅はるかのおいもチップ,2376.0,12.0,10,1,0.002857541009231289,99.43144795800234,C,238.0,198.0
冷し鶏天タルタルうどん,2396.0,4.0,4,1,0.0028815943847298685,99.4285904169931,C,599.0,599.0
３種チーズのミートソース,2396.0,4.0,3,1,0.0028815943847298685,99.42570882260837,C,799.0,599.0
◎焦がしバターのクロワッ,2420.0,20.0,8,1,0.002910458435328164,99.42282722822364,C,302.0,121.0
ピザサンド　さつまいも,2448.0,8.0,4,1,0.002944133161026176,99.41991676978832,C,612.0,306.0
ラークスーパー５,2455.0,5.0,5,1,0.002952551842450679,99.41697263662729,C,491.0,491.0
コク旨醤油だれの油そば,2495.0,5.0,5,1,0.003000658593447839,99.41402008478484,C,499.0,499.0
甜面醤の旨ジャージャー麺,2495.0,5.0,5,1,0.003000658593447839,99.41101942619139,C,499.0,499.0
ビスコ,2496.0,16.0,13,1,0.003001861262222768,99.40801876759794,C,192.0,156.0
増量特製ダレの炙り焼牛カ,2500.0,4.0,4,1,0.0030066719373224838,99.40501690633572,C,625.0,625.0
フリスクＦＦみかん,2502.0,9.0,9,1,0.0030090772748723417,99.40201023439839,C,278.0,278.0
ＢＩＯ　ブルーベリーミッ,2520.0,15.0,9,2,0.0030307253128210635,99.39900115712352,C,280.0,168.0
ホームパイチビムーホ,2520.0,18.0,12,2,0.0030307253128210635,99.3959704318107,C,210.0,140.0
プロテインバー　チョコ,2520.0,14.0,11,1,0.0030307253128210635,99.39293970649787,C,229.0,180.0
ちいかわ花占いグミ,2530.0,11.0,9,1,0.003042752000570354,99.38990898118504,C,281.0,230.0
ブルーベリーサンド,2535.0,13.0,6,1,0.0030487653444449987,99.38686622918448,C,422.0,195.0
窯出しとろけるプリン,2535.0,13.0,11,1,0.0030487653444449987,99.38381746384003,C,230.0,195.0
スティックのりＰＩＴ,2552.0,11.0,10,3,0.003069210713618791,99.38076869849559,C,255.0,232.0
堅ぶつ旨塩,2560.0,20.0,16,2,0.0030788320638182234,99.37769948778197,C,160.0,128.0
はみでたチキンカツバーガ,2583.0,7.0,4,1,0.0031064934456415906,99.37462065571815,C,646.0,369.0
Ｆレモンクリームのロール,2601.0,17.0,13,1,0.0031281414835903124,99.3715141622725,C,200.0,153.0
ビスコ発酵バター,2652.0,17.0,13,1,0.003189477591111691,99.36525547396778,C,204.0,156.0
ちいかわチャームグミ,2660.0,7.0,1,1,0.0031990989413111224,99.35886689743536,C,2660.0,380.0
大粒ラムネ濃い果実ぶどう,2660.0,20.0,7,2,0.0031990989413111224,99.36206599637667,C,380.0,133.0
◎きんつば,2686.0,17.0,16,1,0.0032303683294592767,99.35566779849405,C,168.0,158.0
ナカミグミもも味,2688.0,16.0,10,2,0.0032327736670091345,99.3524374301646,C,269.0,168.0
０．０１ゼロワン,2700.0,3.0,3,1,0.0032472056923082827,99.34920465649759,C,900.0,900.0
プルームオーラＪブラック,2710.0,1.0,1,1,0.003259232380057572,99.34595745080529,C,2710.0,2710.0
レジ袋２０号バイオマス,2720.0,544.0,92,3,0.0032712590678068624,99.34269821842523,C,30.0,5.0
週　刊　現　代,2730.0,5.0,6,1,0.0032832857555561523,99.33942695935743,C,455.0,546.0
くりーむメロンパン,2760.0,10.0,5,1,0.0033193658188040223,99.33614367360187,C,552.0,276.0
増量麻婆豆腐ごはん,2772.0,6.0,4,1,0.0033337978441031705,99.33282430778306,C,693.0,462.0
サラダラップチキンサルサ,2784.0,8.0,7,1,0.003348229869402318,99.32614348273832,C,398.0,348.0
きつねおむすび,2793.0,19.0,1,3,0.003359053888376679,99.32279525286891,C,2793.0,147.0
焼まろん,2795.0,13.0,10,1,0.003361459225926537,99.31943619898054,C,280.0,215.0
ＨＷ変顔キャンディ,2800.0,7.0,4,1,0.0033674725698011818,99.31607473975461,C,700.0,400.0
バナナカスタードブリュレ,2800.0,8.0,6,1,0.0033674725698011818,99.3127072671848,C,467.0,350.0
◎チョコシュー,2816.0,22.0,18,1,0.0033867152702000457,99.309339794615,C,156.0,128.0
コアラのマーチ練乳ミルク,2832.0,16.0,14,1,0.0034059579705989097,99.3059530793448,C,202.0,177.0
ミンティア瀬戸田レモン,2835.0,27.0,16,2,0.003409565976923697,99.3025471213742,C,177.0,105.0
◎ミニクッキー,2838.0,22.0,18,2,0.0034131739832484833,99.29913755539728,C,158.0,129.0
ライオンコーヒカフェオレ,2848.0,16.0,2,1,0.0034252006709977736,99.29572438141403,C,1424.0,178.0
かむかむレモン,2850.0,19.0,12,1,0.0034276060085476315,99.29229918074303,C,238.0,150.0
チョコチャンクスコーン,2856.0,24.0,17,1,0.0034348220211972056,99.28887157473449,C,168.0,119.0
ダースミルク,2865.0,15.0,7,1,0.0034456460401715663,99.281997120017,C,409.0,191.0
ウェルチ　１房分のぶどう,2880.0,18.0,7,1,0.0034636860717955015,99.27855147397682,C,411.0,160.0
助六寿司,2892.0,6.0,10,1,0.0034781180970946493,99.27508778790502,C,289.0,482.0
専おかず全部乗せ！お弁当,2907.0,9.0,1,1,0.0034961581287185845,99.27160966980793,C,2907.0,323.0
すッパイチュウレモン味,2921.0,23.0,10,1,0.00351299549156759,99.26811351167922,C,292.0,127.0
焙煎ごまドレッシング,2937.0,89.0,51,2,0.003532238191966454,99.26460051618766,C,58.0,33.0
週刊　プレイボーイ,2974.0,5.0,4,1,0.003576736936638827,99.26106827799569,C,744.0,595.0
オニポテスナック,2976.0,12.0,8,1,0.0035791422741886848,99.25749154105905,C,372.0,248.0
コーンのバター醤油パスタ,2982.0,7.0,5,2,0.0035863582868382584,99.25391239878486,C,596.0,426.0
ＳｐｏｒｔｓＧｒａｐｈｉ,2993.0,4.0,4,2,0.0035995876433624775,99.25032604049802,C,748.0,748.0
海老とあさりのスパゲティ,2994.0,6.0,6,1,0.0036007903121374066,99.24672645285466,C,499.0,499.0
台湾風まぜそば,2995.0,5.0,5,1,0.0036019929809123353,99.24312566254252,C,599.0,599.0
今治ＴＨＣグラデーション,3000.0,5.0,6,1,0.0036080063247869807,99.2395236695616,C,500.0,600.0
◎焼たまごカレートースト,3006.0,18.0,5,2,0.0036152223374365544,99.23591566323682,C,601.0,167.0
堅あげポテト鬼旨ブラック,3040.0,16.0,12,1,0.00365611307578414,99.2323004408994,C,253.0,190.0
冷し明太とろろうどん,3048.0,6.0,8,1,0.0036657344259835726,99.22864432782362,C,381.0,508.0
スッパイスッパイマン大作,3058.0,22.0,12,1,0.003677761113732862,99.22497859339764,C,255.0,139.0
ピュレグミＰマスカット,3060.0,17.0,5,1,0.00368016645128272,99.2213008322839,C,612.0,180.0
大きなつくねの醤油パスタ,3060.0,6.0,4,1,0.00368016645128272,99.21762066583261,C,765.0,510.0
野菜生活シークヮーサー,3068.0,26.0,8,1,0.0036897878014821523,99.21394049938132,C,384.0,118.0
塩おむすび,3096.0,24.0,11,1,0.0037234625271801635,99.20652724905267,C,281.0,129.0
ふわしゅわショコラスフレ,3096.0,12.0,6,3,0.0037234625271801635,99.21025071157985,C,516.0,258.0
モッチュＳマスカット,3108.0,21.0,2,3,0.0037378945524793117,99.2028037865255,C,1554.0,148.0
ブーストバイツ,3120.0,13.0,12,1,0.00375232657777846,99.199065891973,C,260.0,240.0
焼ほし芋,3120.0,16.0,11,1,0.00375232657777846,99.19531356539522,C,284.0,195.0
ラッキーＳベリーＳ,3128.0,8.0,6,2,0.0037619479279778914,99.19156123881744,C,521.0,391.0
ハミガキハブラシセット,3136.0,7.0,8,1,0.003771569278177324,99.18779929088946,C,392.0,448.0
ドラキュラへんしんグミ,3150.0,9.0,8,1,0.0037884066410263295,99.18023931497027,C,394.0,350.0
たまごボーロっち２,3150.0,9.0,2,1,0.0037884066410263295,99.17645090832924,C,1575.0,350.0
きのこの山のジクカール,3156.0,12.0,9,2,0.0037956226536759036,99.17266250168822,C,351.0,263.0
野菜生活ベリーサラダ,3164.0,28.0,10,1,0.0038052440038753355,99.16886687903455,C,316.0,113.0
ポケピファンワッカネズミ,3164.0,1.0,1,1,0.0038052440038753355,99.16506163503068,C,3164.0,3164.0
ザクザクやみつきクランキ,3168.0,16.0,15,1,0.0038100546789750513,99.16125639102681,C,211.0,198.0
サンカット　ＵＶスプレー,3192.0,4.0,4,1,0.0038389187295733477,99.15360741761826,C,798.0,798.0
ライオンコーヒーブラック,3192.0,19.0,2,2,0.0038389187295733477,99.15744633634783,C,1596.0,168.0
ベロスピッフィーＳミント,3201.0,11.0,10,2,0.0038497427485477084,99.14976849888869,C,320.0,291.0
オイコス　ストロベリー,3213.0,17.0,15,1,0.003864174773846856,99.14591875614015,C,214.0,189.0
マーブルパウチ,3225.0,15.0,11,1,0.0038786067991460043,99.1420545813663,C,293.0,215.0
野菜マシマシ冷し中華,3235.0,5.0,3,1,0.003890633486895294,99.13817597456715,C,1078.0,647.0
ポテロング,3240.0,20.0,16,1,0.0038966468307699387,99.13428534108026,C,202.0,162.0
フリクション３スリムＢＫ,3246.0,6.0,6,1,0.003903862843419513,99.13038869424949,C,541.0,541.0
◎生コッペパン（ツナ＆ポ,3278.0,22.0,6,1,0.00394234824421724,99.12648483140607,C,546.0,149.0
スポーツニッポン,3280.0,20.0,17,2,0.003944753581767099,99.12254248316185,C,193.0,164.0
エボルタＮＥＯ単３－４Ｐ,3295.0,5.0,5,1,0.003962793613391034,99.11859772958009,C,659.0,659.0
Ｈジョージア　ブラック,3312.0,24.0,9,1,0.003983238982564826,99.11066612900943,C,368.0,138.0
クッキークリームクレープ,3320.0,10.0,4,2,0.003992860332764259,99.10668289002686,C,830.0,332.0
明太海苔弁当,3330.0,6.0,6,1,0.004004887020513548,99.1026900296941,C,555.0,555.0
◎増量チョコビスケット,3336.0,24.0,6,2,0.004012103033163123,99.09868514267359,C,556.0,139.0
ピンクグレープフルーツア,3348.0,18.0,13,1,0.00402653505846227,99.09065612593217,C,258.0,186.0
ＢＳラーメン丸銀だこ,3360.0,21.0,8,2,0.004040967083761418,99.08662959087371,C,420.0,160.0
ルックホワイトラバーズ,3400.0,17.0,6,1,0.004089073834758578,99.07441047612042,C,567.0,200.0
ブロックロス　ユニコーン,3400.0,2.0,2,1,0.004089073834758578,99.08258862378995,C,1700.0,1700.0
ブロックロスジークアクス,3400.0,2.0,2,1,0.004089073834758578,99.07849954995518,C,1700.0,1700.0
厚切りロースカツサンド,3408.0,8.0,1,1,0.00409869518495801,99.07032140228566,C,3408.0,426.0
ラーク・１００・ＢＯＸ,3437.0,7.0,7,1,0.004133572579430951,99.06622270710069,C,491.0,491.0
さくふわきなこもちぼーる,3450.0,23.0,13,3,0.004149207273505028,99.06208913452126,C,265.0,150.0
堅ぶつ揚げとうもろこし味,3456.0,27.0,14,1,0.004156423286154601,99.05793992724776,C,247.0,128.0
冷たいパスタチキンバジル,3493.0,7.0,7,1,0.004200922030826975,99.05378350396161,C,499.0,499.0
小岩井　Ｔｈｅカフェオレ,3498.0,22.0,4,1,0.00420693537470162,99.04958258193078,C,874.0,159.0
トマトジュースプレミアム,3552.0,24.0,13,2,0.004271879488547786,99.04537564655608,C,273.0,148.0
３種チーズとハムのサンド,3553.0,11.0,3,1,0.004273082157322714,99.04110376706754,C,1184.0,323.0
たっぷりコーンマヨネーズ,3564.0,12.0,2,2,0.004286311513846933,99.03683068491021,C,1782.0,297.0
ヤクルトＹ１０００,3600.0,24.0,11,1,0.004329607589744377,99.01955555062715,C,327.0,150.0
ロリポップＣちいかわ黒猫,3600.0,12.0,4,1,0.004329607589744377,99.02388515821688,C,900.0,300.0
ＵＳＢ－Ｃ電池式６本,3600.0,2.0,2,1,0.004329607589744377,99.03254437339636,C,1800.0,1800.0
白いたべっ子おさつバター,3600.0,20.0,14,2,0.004329607589744377,99.02821476580662,C,257.0,180.0
グローＨプロサクラＥＤ,3619.0,1.0,1,1,0.004352458296468028,99.0065438771512,C,3619.0,3619.0
グロー・ヒーロ・ルビー,3619.0,1.0,1,1,0.004352458296468028,99.00219141885474,C,3619.0,3619.0
ＩＱＯＳｉＯＳモデル,3619.0,1.0,1,1,0.004352458296468028,98.99783896055827,C,3619.0,3619.0
ＩＱＯＳｉＯＤバイオレ,3619.0,1.0,1,1,0.004352458296468028,99.01089633544767,C,3619.0,3619.0
◎ふわもち食感のメープル,3645.0,27.0,1,3,0.004383727684616181,98.9934865022618,C,3645.0,135.0
島星シトラスエール３５０,3672.0,12.0,7,1,0.004416199741539264,98.98910277457719,C,525.0,306.0
ヴァルトメンソールＣＬ,3696.0,7.0,7,1,0.0044450637921375595,98.98468657483565,C,528.0,528.0
ヴァルトＩメンソールＣＬ,3696.0,7.0,6,2,0.0044450637921375595,98.98024151104352,C,616.0,528.0
味付海苔　おかか味噌,3703.0,23.0,2,2,0.004453482473562063,98.97579644725138,C,1852.0,161.0
白玉入りお芋のどら焼き,3705.0,19.0,6,3,0.004455887811111921,98.97134296477782,C,618.0,195.0
ピュアポテト濃いのり塩,3720.0,24.0,16,2,0.004473927842735856,98.9668870769667,C,232.0,155.0
もっちりクリームロール,3756.0,12.0,9,2,0.0045172239186332995,98.96241314912396,C,417.0,313.0
わた雪みたいなレアチーズ,3780.0,12.0,6,2,0.004546087969231596,98.95789592520532,C,630.0,315.0
ケント・６・１００ＢＯＸ,3784.0,8.0,6,2,0.004550898644331312,98.95334983723609,C,631.0,473.0
男梅シート,3800.0,19.0,15,1,0.004570141344730176,98.94879893859176,C,253.0,200.0
ヘパリーゼＷハイパー,3800.0,10.0,7,1,0.004570141344730176,98.94422879724704,C,543.0,380.0
８×４ロールオンせっけん,3846.0,6.0,6,1,0.004625464108376909,98.9396586559023,C,641.0,641.0
ネクターピーチティー,3860.0,20.0,13,2,0.004642301471225915,98.93503319179393,C,297.0,193.0
１９６白桃３５０,3864.0,24.0,14,1,0.004647112146325631,98.93039089032271,C,276.0,161.0
１９６無糖ピンクＧＦ３５,3864.0,24.0,8,1,0.004647112146325631,98.92574377817638,C,483.0,161.0
おーいお茶濃い茶１Ｌ,3872.0,22.0,12,1,0.004656733496525063,98.92109666603005,C,323.0,176.0
マカダミアパンケーキ,3876.0,12.0,7,2,0.004661544171624779,98.91643993253352,C,554.0,323.0
ＬＩＢＥＲＡミルク,3878.0,14.0,13,1,0.004663949509174637,98.9117783883619,C,298.0,277.0
冷しニンニクまぜそば,3882.0,6.0,6,2,0.004668760184274353,98.90711443885272,C,647.0,647.0
納豆細巻寿司（５巻増量）,3890.0,10.0,6,2,0.004678381534473784,98.90244567866844,C,648.0,389.0
紳士ショートＳ黒,3900.0,10.0,11,1,0.004690408222223075,98.89307688891175,C,355.0,390.0
婦人ショートＳ白,3900.0,10.0,11,1,0.004690408222223075,98.89776729713397,C,355.0,390.0
ラッキーＳＲタバコ１０Ｐ,3910.0,1.0,1,1,0.004702434909972365,98.88838648068953,C,3910.0,3910.0
ＢＳおつまみ焼そば味スパ,3944.0,29.0,14,1,0.00474332564831995,98.88368404577956,C,282.0,136.0
パーラメント１００ＢＯＸ,3948.0,7.0,7,1,0.004748136323419666,98.87894072013124,C,564.0,564.0
ハリボープリマヴェーラ,3960.0,20.0,10,1,0.004762568348718814,98.87419258380783,C,396.0,198.0
赤肉メロンミルク,4005.0,15.0,7,1,0.0048166884435906195,98.86461693502184,C,572.0,267.0
マカロンチョコパッション,4005.0,15.0,5,2,0.0048166884435906195,98.85980024657825,C,801.0,267.0
アリィージェルＵＶミニ,4038.0,3.0,3,1,0.004856376513163276,98.85498355813465,C,1346.0,1346.0
梨スムージー,4053.0,21.0,10,1,0.004874416544787211,98.85012718162149,C,405.0,193.0
鶏焼肉のバインミー,4059.0,11.0,5,1,0.0048816325574367846,98.8452527650767,C,812.0,369.0
ビタミン野菜,4068.0,36.0,12,2,0.004892456576411146,98.83548709462427,C,339.0,113.0
さけるグミハロウィン,4080.0,34.0,18,2,0.004906888601710294,98.83059463804786,C,227.0,120.0
冷しすだちおろしうどん,4080.0,8.0,6,1,0.004906888601710294,98.82568774944615,C,680.0,510.0
◎ロングデニッシュ（バタ,4114.0,34.0,6,1,0.004947779340057879,98.82078086084444,C,686.0,121.0
ネバネバと大根のサラダ,4158.0,14.0,12,1,0.005000696766154755,98.81583308150438,C,346.0,297.0
◎グリルＣヨシダテリヤキ,4176.0,18.0,7,2,0.005022344804103477,98.81083238473822,C,597.0,232.0
金のミルクキャンディ,4199.0,19.0,17,1,0.005050006185926844,98.80581003993412,C,247.0,221.0
サンデー毎日,4200.0,7.0,9,1,0.005051208854701773,98.80076003374819,C,467.0,600.0
サンリオグミチュアチャー,4200.0,12.0,5,1,0.005051208854701773,98.7957088248935,C,840.0,350.0
ゆず冷し鶏塩おろしうどん,4208.0,8.0,10,1,0.005060830204901205,98.7906576160388,C,421.0,526.0
メビウス１００Ｂ,4224.0,8.0,8,1,0.005080072905300069,98.7855967858339,C,528.0,528.0
メビウスＳＴ１　１００,4224.0,8.0,7,1,0.005080072905300069,98.7805167129286,C,603.0,528.0
ルーロー飯おむすび,4268.0,22.0,3,1,0.005132990331396944,98.7754366400233,C,1423.0,194.0
ラッキーＳトロピカルＢ,4301.0,11.0,11,1,0.005172678400969601,98.77030364969191,C,391.0,391.0
◎こだわりのバタークッキ,4302.0,18.0,17,1,0.00517388106974453,98.76513097129094,C,253.0,239.0
バナナバウムクーヘン,4309.0,31.0,10,3,0.005182299751169034,98.75995709022119,C,431.0,139.0
ザプレミアムモルツ３５０,4318.0,17.0,8,1,0.005193123770143394,98.75477479047002,C,540.0,254.0
ツメキリ　Ｓ,4320.0,9.0,9,1,0.005195529107693252,98.74958166669988,C,480.0,480.0
ベロＭＰミントＸインテン,4340.0,14.0,11,1,0.005219582483191832,98.739166555109,C,395.0,310.0
ベロＢマンゴーＭ５Ｐ,4365.0,3.0,3,1,0.005249649202565057,98.7339469726258,C,1455.0,1455.0
レモンチーズケーキ,4368.0,28.0,9,1,0.005253257208889844,98.72344406621434,C,485.0,156.0
ジャムグミいちご,4368.0,24.0,17,2,0.005253257208889844,98.71819080900545,C,257.0,182.0
◎チョコバナナロール,4368.0,28.0,13,2,0.005253257208889844,98.72869732342323,C,336.0,156.0
スプバレ豊潤ラガー３５０,4410.0,18.0,7,1,0.0053037692974368614,98.71293755179656,C,630.0,245.0
ふわもち生大福　コーヒー,4416.0,32.0,17,2,0.0053109853100864355,98.70233001320167,C,260.0,138.0
◎ドライもも,4416.0,16.0,14,1,0.0053109853100864355,98.69701902789159,C,315.0,276.0
ミルクソースのシフォン,4428.0,12.0,5,3,0.005325417335385584,98.6917080425815,C,886.0,369.0
江頭　激辛豚骨ラーメン,4428.0,12.0,3,1,0.005325417335385584,98.68638262524611,C,1476.0,369.0
ブリーフ団イカ墨まぜそば,4428.0,12.0,3,1,0.005325417335385584,98.67573179057534,C,1476.0,369.0
アメリカヘアピン,4480.0,16.0,17,2,0.005387956111681891,98.66506652387928,C,264.0,280.0
漬けぶりおむすび,4482.0,18.0,2,1,0.005390361449231749,98.6596785677676,C,2241.0,249.0
グランドジャンプ,4514.0,10.0,9,1,0.005428846850029477,98.65428820631837,C,502.0,451.0
◎バウムクーヘン（４）,4541.0,19.0,14,2,0.00546131890695256,98.64341608059301,C,324.0,239.0
◎ジュワっとした塩バター,4550.0,35.0,5,1,0.00547214292592692,98.63795476168606,C,910.0,130.0
ネオＢレッドフルーツ,4550.0,10.0,9,3,0.00547214292592692,98.63248261876014,C,506.0,455.0
ネオＢマスカット,4550.0,10.0,7,2,0.00547214292592692,98.62701047583421,C,650.0,455.0
海苔巻おかき,4560.0,20.0,18,1,0.00548416961367621,98.62153833290829,C,253.0,228.0
カルピスＰマンゴーピーチ,4590.0,27.0,6,1,0.005520249676924081,98.6160541632946,C,765.0,170.0
フェットチーネマスカット,4592.0,41.0,9,2,0.005522655014473938,98.61053391361769,C,510.0,112.0
◎ツイストサンド（カスタ,4608.0,36.0,15,1,0.005541897714872802,98.59947898223854,C,307.0,128.0
青ねぎと蒸し鶏のパスタ,4620.0,10.0,8,1,0.00555632974017195,98.58838075478349,C,578.0,462.0
ミンティアＢカルピス,4642.0,22.0,5,2,0.005582788453220388,98.58282442504331,C,928.0,211.0
サブレサンドバニライチゴ,4648.0,14.0,6,3,0.005590004465869962,98.57724163659009,C,775.0,332.0
◎冷スープかぼちゃと人参,4648.0,14.0,14,1,0.005590004465869962,98.57165163212422,C,332.0,332.0
善逸たまごＢＯＸＤ２,4675.0,11.0,8,2,0.0056224765227930445,98.56606162765834,C,584.0,425.0
超急速２ｉｎ１Ｃ＆Ｌ１ｍ,4692.0,2.0,2,1,0.005642921891966838,98.56043915113555,C,2346.0,2346.0
ケント１・１００Ｂ１０Ｐ,4728.0,1.0,1,1,0.005686217967864281,98.54915330735163,C,4728.0,4728.0
梅蒸し鶏あったかそうめん,4788.0,12.0,11,1,0.005758378094360021,98.5377135219645,C,435.0,399.0
ソイチキン根菜ラップ,4797.0,13.0,13,1,0.005769202113334382,98.53195514387015,C,369.0,369.0
レインコートＬ,4809.0,7.0,8,1,0.00578363413863353,98.52618594175682,C,601.0,687.0
◎レモン香るティーソーダ,4810.0,37.0,6,2,0.005784836807408459,98.52040230761818,C,802.0,130.0
アーモンド・ブリーズ微糖,4864.0,38.0,13,2,0.005849780921254624,98.51461747081078,C,374.0,128.0
たまごっち　まんまる焼き,4872.0,21.0,6,2,0.005859402271454057,98.50876768988952,C,812.0,232.0
いなり寿司５ヶ入,4873.0,11.0,7,1,0.005860604940228986,98.50290828761807,C,696.0,443.0
スフレ・プリン,4896.0,16.0,13,1,0.005888266322052352,98.49704768267785,C,377.0,306.0
Ｗ・Ｃホワイト５・１０Ｐ,4910.0,1.0,1,1,0.005905103684901358,98.4911594163558,C,4910.0,4910.0
カントリーＭ塩バニラアイ,4930.0,34.0,17,1,0.005929157060399938,98.4852543126709,C,290.0,145.0
ベロＭＰＭインテンス,4947.0,17.0,16,1,0.005949602429573731,98.47932515561051,C,309.0,291.0
果汁グミ弾力プラスいちご,4950.0,22.0,18,2,0.005953210435898517,98.47337555318094,C,275.0,225.0
ねるねるねるねドリンク,4968.0,18.0,5,3,0.00597485847384724,98.46742234274504,C,994.0,276.0
冷しぶっかけ豚肉うどん,4986.0,9.0,9,1,0.005996506511795961,98.46144748427119,C,554.0,554.0
植物生まれマスカットグミ,5032.0,34.0,12,1,0.0060518292754426955,98.4554509777594,C,419.0,148.0
備蓄米　１ｋｇ,5040.0,14.0,5,2,0.006061450625642127,98.44939914848395,C,1008.0,360.0
大粒ラムネＲすっぱレモン,5054.0,38.0,17,1,0.0060782879884911335,98.44333769785831,C,297.0,133.0
ガルボほろにがブラックＰ,5075.0,29.0,9,1,0.0061035440327646415,98.43725940986982,C,564.0,175.0
ソフトタンポンコンパクト,5076.0,18.0,16,2,0.0061047467015395715,98.43115586583706,C,317.0,282.0
メロンソーダアップ,5082.0,21.0,15,2,0.006111962714189145,98.42505111913552,C,339.0,242.0
２種のキンパ,5100.0,10.0,6,2,0.006133610752137866,98.41893915642133,C,850.0,510.0
手巻寿司　３種のねばねば,5130.0,27.0,9,2,0.0061696908153857375,98.41280554566919,C,570.0,190.0
未来のレサワオリジナル３,5149.0,19.0,14,2,0.006192541522109388,98.4066358548538,C,368.0,271.0
パリジャンサンドハムチズ,5168.0,16.0,12,1,0.006215392228833039,98.40044331333169,C,431.0,323.0
塩分チャージタブ小袋塩レ,5180.0,37.0,11,2,0.006229824254132187,98.39422792110285,C,471.0,140.0
Ｈジョージア　カフェラテ,5180.0,35.0,10,1,0.006229824254132187,98.38799809684872,C,518.0,148.0
ＡＥＲＡ（アエラ）,5184.0,9.0,9,1,0.0062346349292319025,98.38176827259458,C,576.0,576.0
Ｈ伊右衛門５００,5244.0,38.0,15,1,0.006306795055727642,98.36299461301795,C,350.0,138.0
◎どかっとテリマヨチキン,5265.0,39.0,15,1,0.006332051100001151,98.35037741490017,C,351.0,135.0
テリアレギュラー１０Ｐ,5273.0,1.0,1,1,0.006341672450200582,98.34404536380016,C,5273.0,5273.0
和風ドレッシング,5313.0,161.0,83,2,0.0063897792011977424,98.3186101218792,C,64.0,33.0
競馬エイト,5319.0,9.0,7,2,0.0063969952138473165,98.312220342678,C,760.0,591.0
ピュレグミＰ白桃,5400.0,30.0,13,1,0.0064944113846165654,98.29932893607953,C,415.0,180.0
秋のフルーツスムージー,5404.0,28.0,16,1,0.006499222059716281,98.29283452469491,C,338.0,193.0
Ｎｅｗｔｏｎ（ニュートン,5410.0,5.0,5,1,0.006506438072365854,98.2863353026352,C,1082.0,1082.0
ポケカ拡張ステラ,5412.0,33.0,8,1,0.006508843409915713,98.27982886456283,C,676.0,164.0
シーザーパスタサラダ,5446.0,14.0,10,1,0.006549734148263298,98.26679554304893,C,545.0,389.0
テリヤキチキンたまごコぺ,5491.0,17.0,6,1,0.006603854243135103,98.26024580890066,C,915.0,323.0
メガシャキ,5497.0,23.0,17,1,0.006611070255784678,98.25364195465752,C,323.0,239.0
小枝チョコクッキーサンド,5497.0,23.0,8,2,0.006611070255784678,98.24703088440174,C,687.0,239.0
Ｈ綾鷹,5504.0,43.0,16,1,0.00661948893720918,98.24041981414595,C,344.0,128.0
◎チョコミントロール,5511.0,33.0,18,1,0.006627907618633683,98.23380032520875,C,306.0,167.0
にじピグチップスうすしお,5520.0,24.0,2,1,0.006638731637608045,98.2205336859525,C,2760.0,230.0
塩バター揚げ焼きくりーむ,5520.0,20.0,11,2,0.006638731637608045,98.2138949543149,C,502.0,276.0
フルーチェグミイチゴ,5520.0,30.0,12,1,0.006638731637608045,98.22717241759011,C,460.0,184.0
バター醤油パスタ,5538.0,13.0,6,2,0.006660379675556766,98.20725622267729,C,923.0,426.0
野菜食べよう冷しタンメン,5540.0,10.0,5,2,0.0066627850131066235,98.20059584300174,C,1108.0,554.0
ヨーグレットグミブルーベ,5600.0,40.0,15,2,0.0067349451396023635,98.19393305798863,C,373.0,140.0
ウィルキンソンＥＸ　ＧＦ,5616.0,48.0,13,1,0.006754187840001228,98.18719811284903,C,432.0,117.0
ビッグコミックスペリオー,5640.0,12.0,10,2,0.006783051890599523,98.17367891315006,C,564.0,470.0
北海道なまらでっかいシュ,5670.0,18.0,4,3,0.006819131953847394,98.16007672930562,C,1418.0,315.0
ジャックジンジャーＨＢ３,5670.0,27.0,8,1,0.006819131953847394,98.15325759735177,C,709.0,210.0
レッツハロウィンつぶグミ,5688.0,36.0,14,3,0.006840779991796116,98.13278095878982,C,406.0,158.0
オレンジもちとろクリーム,5704.0,31.0,14,1,0.006860022692194979,98.12594017879803,C,407.0,184.0
３色そぼろ＆チキン南蛮弁,5800.0,10.0,14,1,0.006975478894588163,98.10531320663922,C,414.0,580.0
豚しゃぶのパスタサラダ,5904.0,16.0,11,1,0.007100556447180777,98.09123717129745,C,537.0,369.0
海老とブロッコリーロール,5904.0,16.0,14,1,0.007100556447180777,98.09833772774464,C,422.0,369.0
みんなのレモネード,5936.0,28.0,6,2,0.007139041847978505,98.08413661485027,C,989.0,212.0
充電器５０００ｍＡｈ,5964.0,2.0,2,1,0.007172716573676517,98.07699757300229,C,2982.0,2982.0
◎豆腐と枝豆のひじき和え,5975.0,25.0,15,1,0.007185945930200736,98.06982485642861,C,398.0,239.0
グミだよ。レモネード味,5976.0,36.0,14,2,0.007187148598975665,98.0626389104984,C,427.0,166.0
桃マカロン,5976.0,24.0,16,3,0.007187148598975665,98.05545176189943,C,374.0,249.0
週　刊　実　話,5997.0,11.0,10,1,0.007212404643249174,98.04826461330046,C,600.0,545.0
たまごっち　めじるし２,6000.0,20.0,5,1,0.007216012649573961,98.0410522086572,C,1200.0,300.0
ケントＮＳダークＦ,6000.0,12.0,3,1,0.007216012649573961,98.03383619600763,C,2000.0,500.0
＊Ｆハイキューまんじゅう,6020.0,35.0,13,3,0.007240066025072541,98.01938252267053,C,463.0,172.0
ＣＷ晴雨兼用スリム折傘,6042.0,3.0,5,1,0.007266524738120979,98.01214245664545,C,1208.0,2014.0
◎のむヨーグルトメロン,6045.0,31.0,10,2,0.007270132744445767,98.00487593190732,C,604.0,195.0
ルーシーのレモネード,6072.0,33.0,12,2,0.007302604801368849,97.99032965307455,C,506.0,184.0
お泊まりスキンケアセット,6080.0,16.0,12,3,0.00731222615156828,97.98302704827319,C,507.0,380.0
ヱビスビール３５０,6096.0,24.0,8,1,0.007331468851967145,97.97571482212162,C,762.0,254.0
ＦチャーリーＢロール,6105.0,37.0,15,3,0.007342292870941505,97.96838335326964,C,407.0,165.0
ｂｉｔｌｏｔガンダム,6120.0,9.0,8,1,0.00736033290256544,97.9610410603987,C,765.0,680.0
植物生のスパイシーカレー,6132.0,42.0,6,3,0.007374764927864589,97.95368072749613,C,1022.0,146.0
ざるそば,6255.0,15.0,15,1,0.007522693187180855,97.93146021921055,C,417.0,417.0
トッポ,6270.0,30.0,10,1,0.007540733218804789,97.92393752602337,C,627.0,209.0
ＵＳＢ－Ｃ１．２ｍ,6275.0,5.0,5,2,0.0075467465626794334,97.91639679280456,C,1255.0,1255.0
ライフガード５００,6300.0,42.0,10,1,0.007576813282052659,97.90885004624188,C,630.0,150.0
ポケピファンポッチャマ,6328.0,2.0,2,1,0.007610488007750671,97.90127323295982,C,3164.0,3164.0
ポケピファンピカチュウ,6328.0,2.0,2,1,0.007610488007750671,97.89366274495207,C,3164.0,3164.0
ヴァルトダークタバコ,6336.0,12.0,9,3,0.007620109357950103,97.88605225694431,C,704.0,528.0
むっち実グミオレンジ味,6336.0,32.0,17,2,0.007620109357950103,97.87843214758637,C,373.0,198.0
テリアＢトロピカルＭ,6336.0,12.0,3,1,0.007620109357950103,97.87081203822842,C,2112.0,528.0
ＩＱＯＳｉＤバイオレット,6346.0,1.0,1,1,0.0076321360456993925,97.86319192887048,C,6346.0,6346.0
生ラムネ玉,6384.0,42.0,18,1,0.007677837459146695,97.85555979282478,C,355.0,152.0
シャンゴ監修　ベスビオ,6402.0,11.0,6,2,0.007699485497095417,97.84788195536564,C,1067.0,582.0
ザバスミルクキャラメル,6438.0,29.0,7,1,0.00774278157299286,97.83245412032085,C,920.0,222.0
◎レアチーズデニッシュ,6468.0,44.0,8,2,0.00777886163624073,97.80919691155128,C,808.0,147.0
ザ・クレープチョコバナナ,6474.0,26.0,11,2,0.007786077648890305,97.80141804991504,C,589.0,249.0
ファミマ・ザ・ナポリタン,6496.0,16.0,8,2,0.007812536361938743,97.79363197226616,C,812.0,406.0
メントスＤＵＯブラッドオ,6520.0,40.0,14,2,0.007841400412537038,97.78581943590422,C,466.0,163.0
ＭＶＰＧレギュウィズ６Ｐ,6546.0,2.0,2,1,0.007872669800685192,97.77012701372895,C,3273.0,3273.0
◎ショコラクッキー,6572.0,31.0,16,2,0.007903939188833345,97.76225434392826,C,411.0,212.0
１９６マスカット３５０,6601.0,41.0,16,1,0.007938816583306287,97.75435040473943,C,413.0,161.0
婦人クルーＳ黒,6630.0,17.0,15,1,0.007973693977779228,97.74641158815612,C,442.0,390.0
◎でっかいカレーたまごパ,6672.0,48.0,15,2,0.008024206066326246,97.73843789417835,C,445.0,139.0
クリーミーほうじ茶ラテ,6697.0,37.0,17,1,0.00805427278569947,97.73041368811202,C,394.0,181.0
センティアＴイエロー,6748.0,14.0,11,1,0.00811560889322085,97.72235941532632,C,613.0,482.0
クリームワッフルクッキー,6760.0,26.0,8,2,0.008130040918519996,97.70612579220233,C,845.0,260.0
ケントエス・スパーク５,6825.0,15.0,11,2,0.00820821438889038,97.68165869864518,C,620.0,455.0
Ｆ伊之助のほわほわ大福,6875.0,55.0,12,3,0.008268347827636831,97.67345048425629,C,573.0,125.0
男梅サワー梅涼し３５０,6919.0,37.0,17,1,0.008321265253733705,97.65689815390694,C,407.0,187.0
ベースブレッドさつまいも,7020.0,27.0,14,1,0.008442734800001534,97.64022796201765,C,501.0,260.0
野菜生活巨峰,7198.0,61.0,11,2,0.008656809841938897,97.59753803118276,C,654.0,118.0
◎増量しみチョココーン,7203.0,49.0,15,2,0.00866282318581354,97.58022200616134,C,480.0,147.0
グローＨプロオニキスＰ,7238.0,2.0,2,1,0.008704916592936056,97.57155918297552,C,3619.0,3619.0
エボルタＮＥＯ単４－４Ｐ,7249.0,11.0,11,1,0.008718145949460274,97.56285426638259,C,659.0,659.0
◎３種フルーツとナッツ,7260.0,44.0,12,2,0.008731375305984493,97.55413612043313,C,605.0,165.0
東スポ競馬特別版,7296.0,32.0,17,2,0.008774671381881937,97.54540474512714,C,429.0,228.0
棒棒鶏風サラダ,7308.0,18.0,8,1,0.008789103407181085,97.53663007374526,C,914.0,406.0
パーラメントＥＸＬ１００,7332.0,13.0,7,1,0.008817967457779382,97.52784097033808,C,1047.0,564.0
カルピス　ザ　リッチ,7360.0,46.0,6,1,0.008851642183477393,97.50134377188884,C,1227.0,160.0
ふわもち生大福　きなこ,7452.0,54.0,18,2,0.00896228771077086,97.47463009306013,C,414.0,138.0
ナッツフルーツカッサータ,7482.0,29.0,7,3,0.00899836777401873,97.46566780534936,C,1069.0,258.0
アロンアルフア速効多用途,7515.0,15.0,16,2,0.009038055843591387,97.44764220575072,C,470.0,501.0
手巻寿司　梅ゆかり納豆,7560.0,40.0,16,1,0.009092175938463192,97.42951197396867,C,472.0,189.0
生茶６００,7584.0,48.0,6,1,0.009121039989061488,97.42041979803021,C,1264.0,158.0
おーいお茶濃茶ストロング,7584.0,48.0,7,1,0.009121039989061488,97.41129875804114,C,1083.0,158.0
ポケぷにソーダ,7630.0,35.0,18,1,0.00917636275270822,97.38390917936091,C,424.0,218.0
三ツ矢サイダー５００,7680.0,48.0,10,1,0.00923649619145467,97.3747328166082,C,768.0,160.0
三次元マスク大きめ,7700.0,22.0,15,1,0.00926054956695325,97.34700408533345,C,513.0,350.0
Ｆ水柱の水まんじゅう（ラ,7748.0,52.0,11,3,0.00931827766814984,97.33774353576649,C,704.0,149.0
ねぎたっぷり！豚肉そば,7756.0,14.0,10,2,0.009327899018349274,97.32842525809835,C,776.0,554.0
キャメルクラフト１,7790.0,19.0,15,1,0.00936878975669686,97.31909735908,C,519.0,410.0
メビウスＥＸＬ１００Ｂ,7920.0,15.0,13,1,0.009525136697437629,97.30026116072708,C,609.0,528.0
ＧＰｌａｙ１０００,8000.0,8.0,8,1,0.009621350199431947,97.26206319776655,C,1000.0,1000.0
ひざ下２足ヌードベージュ,8000.0,16.0,16,1,0.009621350199431947,97.27168454796599,C,500.0,500.0
ペタグーソーダ,8100.0,54.0,15,2,0.009741617076924848,97.23307888029076,C,540.0,150.0
週刊　漫画タイムス,8134.0,22.0,15,1,0.009782507815272432,97.21358001144284,C,542.0,370.0
紅はるかのスイートポテト,8184.0,31.0,9,3,0.009842641254018883,97.20379750362757,C,909.0,264.0
きのこベーコン醤油パスタ,8198.0,19.0,13,2,0.009859478616867888,97.18410500510687,C,631.0,431.0
ハリボーハッピーコーラ,8316.0,42.0,15,3,0.01000139353230951,97.1444361782346,C,554.0,198.0
ホロチャージホロライブＧ,8320.0,32.0,9,1,0.010006204207409226,97.1344347847023,C,924.0,260.0
シゲキックスグレープ,8400.0,70.0,16,3,0.010102417709403545,97.11441516027482,C,525.0,120.0
３１マスコットつきグミ２,8400.0,24.0,14,1,0.010102417709403545,97.10431274256541,C,600.0,350.0
◎フルーツミックス５００,8512.0,76.0,11,2,0.010237116612195592,97.08399245094421,C,774.0,112.0
フルーツこれ１本ビタミン,8550.0,57.0,7,2,0.010282818025642895,97.06349897501941,C,1221.0,150.0
完熟トマトベーコンパスタ,8576.0,16.0,10,1,0.010314087413791048,97.05321615699377,C,858.0,536.0
ガルボチョコパウチ,8640.0,32.0,16,1,0.010391058215386504,97.04290206957998,C,540.0,270.0
Ｆグレイシアラムネわらび,8736.0,56.0,11,3,0.010506514417779687,97.03251101136459,C,794.0,156.0
ワンピカード　師弟の絆,8800.0,44.0,16,2,0.010583485219375143,97.01149798252902,C,550.0,200.0
大きいフィナンシェ,8840.0,40.0,12,3,0.010631591970372303,96.9796849880946,C,737.0,221.0
◎おいものマドレーヌ,8851.0,53.0,14,3,0.01064482132689652,96.95840977746612,C,632.0,167.0
◎生スコーン６個入（チー,8944.0,52.0,8,2,0.010756669522964918,96.94776495613922,C,1118.0,172.0
タフグミ梅マニア,9044.0,38.0,8,2,0.010876936400457818,96.9261313502158,C,1130.0,238.0
Ｈ伊右衛門焙じ茶,9108.0,66.0,9,1,0.010953907202053274,96.90437747741487,C,1012.0,138.0
手巻寿司　サーモン（青ま,9200.0,40.0,10,3,0.011064552729346741,96.89342357021282,C,920.0,230.0
伝説のケバブ風味ポテトＣ,9264.0,48.0,11,3,0.011141523530942197,96.88235901748347,C,842.0,193.0
◎レモネードソーダ,9300.0,50.0,10,1,0.01118481960683964,96.84887431345189,C,930.0,186.0
手巻寿司　青しそ納豆,9310.0,49.0,13,1,0.01119684629458893,96.83768949384505,C,716.0,190.0
くりーむパン　カスタード,9360.0,36.0,7,2,0.01125697973333538,96.81529219324953,C,1337.0,260.0
Ｆリーフィアロールケーキ,9405.0,57.0,15,3,0.011311099828207185,96.8040352135162,C,627.0,165.0
ミニチーズおかきお好み焼,9408.0,64.0,17,2,0.011314707834531972,96.792724113688,C,553.0,147.0
くりーむパン　和栗,9415.0,35.0,10,2,0.011323126515956475,96.78140940585347,C,942.0,269.0
来来亭監修　冷し中華,9418.0,17.0,9,1,0.011326734522281261,96.7700862793375,C,1046.0,554.0
漫　画　ゴラク,9500.0,19.0,16,1,0.011425353361825439,96.74738229820439,C,594.0,500.0
◎はちみつすいーとぽてと,9504.0,54.0,15,2,0.011430164036925155,96.73595694484256,C,634.0,176.0
ショコラ＆ホイップパイ,9560.0,40.0,12,2,0.011497513488321178,96.72452678080563,C,797.0,239.0
純連冷し味噌ラーメン,9584.0,16.0,15,1,0.011526377538919474,96.71302926731731,C,639.0,599.0
アスティーグ肌　Ｍ,9600.0,16.0,17,2,0.011545620239318337,96.68996809355805,C,565.0,600.0
ポケカ拡張　バトルＰ,9676.0,59.0,2,2,0.011637023066212941,96.66685279970392,C,4838.0,164.0
ビッグ　コミック,9686.0,22.0,11,2,0.011649049753962231,96.6552157766377,C,881.0,440.0
大きな　月見おむすびマヨ,9728.0,32.0,1,2,0.011699561842509249,96.64356672688375,C,9728.0,304.0
Ｌｉｐｔｏｎチャームグミ,9800.0,28.0,10,2,0.011786153994304136,96.62011107776631,C,980.0,350.0
ポケカメガディアンシー,9822.0,6.0,5,3,0.011812612707352574,96.608324923772,C,1964.0,1637.0
ポケカメガゲンガーｅｘ,9822.0,6.0,3,3,0.011812612707352574,96.59651231106464,C,3274.0,1637.0
ケント・１・ＫＳ・ＢＯＸ,9933.0,21.0,17,1,0.011946108941369693,96.57284138423648,C,584.0,473.0
サントリー生ビール３５０,9964.0,47.0,13,2,0.01198339167339249,96.56089527529511,C,766.0,212.0
ＡｐｐｌｅＧＣ＿５千,10000.0,2.0,2,1,0.012026687749289935,96.53688519587243,C,5000.0,5000.0
ルックア・ラ・モード,10000.0,50.0,10,2,0.012026687749289935,96.54891188362171,C,1000.0,200.0
センティアＳバイオレット,10122.0,21.0,16,1,0.012173413339831272,96.51268509478331,C,633.0,482.0
センティアＳゴールド,10122.0,21.0,16,1,0.012173413339831272,96.50051168144347,C,633.0,482.0
センティアＦエメラルド,10122.0,21.0,13,1,0.012173413339831272,96.52485850812315,C,779.0,482.0
スイートポテトロール,10212.0,37.0,11,3,0.012281653529574882,96.47610953200015,C,928.0,276.0
ラーク・マイルド・ＢＯＸ,10311.0,21.0,18,2,0.012400717738292853,96.45152457690305,C,573.0,491.0
スーパー大麦　梅ひじき,10325.0,59.0,15,1,0.012417555101141859,96.43912385916477,C,688.0,175.0
牛乳パン,10350.0,45.0,18,1,0.012447621820515082,96.42670630406363,C,575.0,230.0
一番搾り糖質ゼロ３５０,10368.0,48.0,11,1,0.012469269858463805,96.41425868224312,C,943.0,216.0
ＳＤブラックピンク３５０,10368.0,48.0,4,2,0.012469269858463805,96.40178941238466,C,2592.0,216.0
ビッグコミックスピリッツ,10388.0,22.0,14,1,0.012493323233962383,96.3893201425262,C,742.0,472.0
コミック,10400.0,20.0,12,2,0.012507755259261533,96.37682681929223,C,867.0,520.0
テリアＢルビーＭ１０Ｐ,10546.0,2.0,2,1,0.012683344900401164,96.33895237423218,C,5273.0,5273.0
テリアスムースＲ１０Ｐ,10546.0,2.0,2,1,0.012683344900401164,96.35163571913257,C,5273.0,5273.0
メビウスワン１００Ｂ１０,10546.0,2.0,2,1,0.012683344900401164,96.36431906403297,C,5273.0,5273.0
スイートポテトスティック,10600.0,50.0,13,2,0.012748289014247332,96.28810474109696,C,815.0,212.0
ミニプラグ用イヤホン,10696.0,7.0,6,1,0.012863745216640514,96.24968428441308,C,1783.0,1528.0
鬼滅の刃フルーツオレ,10707.0,43.0,9,2,0.012876974573164734,96.23682053919644,C,1190.0,249.0
ＵＳＢーＣ用イヤホン黒,10820.0,5.0,5,1,0.013012876144731709,96.1981294820382,C,2164.0,2164.0
ＩＱＯＳｉＯＭブラック,10857.0,3.0,4,1,0.013057374889404083,96.17206163634161,C,2714.0,3619.0
ＩＱＯＳｉＯＢブルー,10857.0,3.0,4,1,0.013057374889404083,96.15900426145221,C,2714.0,3619.0
夏のミルクシュー,11040.0,80.0,17,3,0.01327746327521609,96.11965654714287,C,649.0,138.0
塩キャラメルプリン,11040.0,48.0,10,3,0.01327746327521609,96.10637908386765,C,1104.0,230.0
ＬストライクＢ,11280.0,20.0,18,1,0.013566103781199046,96.05275809653745,C,627.0,564.0
お月見タルト　カスタード,11316.0,41.0,13,2,0.01360939985709649,96.03919199275624,C,870.0,276.0
三ツ矢　特濃アップル,11360.0,71.0,10,2,0.013662317283193365,96.01192027561595,C,1136.0,160.0
ウェルチ　マスカットＳＰ,11360.0,71.0,11,1,0.013662317283193365,96.02558259289914,C,1033.0,160.0
週　刊　プ　ロ　レ　ス,11550.0,20.0,16,1,0.013890824350429876,95.97059657650938,C,722.0,578.0
本搾りライム３５０,11592.0,69.0,18,1,0.013941336438976895,95.95670575215895,C,644.0,168.0
１９６無糖冷凍みかん３５,11592.0,72.0,16,1,0.013941336438976895,95.94276441571998,C,724.0,161.0
炭治郎＆義勇おむ２,11808.0,32.0,12,3,0.014201112894361554,95.87233252425384,C,984.0,369.0
ビッグコミックオリジナル,11853.0,27.0,18,2,0.014255232989233362,95.85813141135948,C,658.0,439.0
キリン晴れ風３５０,11880.0,55.0,11,1,0.014287705046156441,95.84387617837025,C,1080.0,216.0
カフェラッテクリーミーラ,11946.0,66.0,8,2,0.014367081185301757,95.81525266152694,C,1493.0,181.0
冷たい生パスタツナトマト,11976.0,24.0,13,2,0.014403161248549626,95.7864872297682,C,921.0,499.0
海鮮サラダおむすび,12054.0,82.0,7,2,0.014496969412994089,95.77208406851965,C,1722.0,147.0
ごまだれ冷し中華,12188.0,22.0,8,2,0.014658127028834572,95.67010016174322,C,1524.0,554.0
スーパー大麦安曇野わさび,12308.0,68.0,11,1,0.014802447281826052,95.6112704159488,C,1119.0,181.0
増量　天使のチーズケーキ,12420.0,54.0,9,3,0.014937146184618099,95.58159215858987,C,1380.0,230.0
炙り焼辛子明太子おむすび,12550.0,50.0,8,1,0.015093493125358867,95.5366424131269,C,1569.0,251.0
サメジマブルーソーダ味,12638.0,71.0,13,3,0.01519932797755262,95.50640010411253,C,972.0,178.0
蒸鶏とねぎのトマトパスタ,12936.0,28.0,14,1,0.01555772327248146,95.42960850016453,C,924.0,462.0
サンド寿司サーモンチーズ,12948.0,39.0,8,2,0.01557215529778061,95.41405077689205,C,1618.0,332.0
週刊ベースボール,13026.0,23.0,15,2,0.01566596346222507,95.3828439275202,C,868.0,566.0
海苔監修　手巻たまごかけ,13135.0,71.0,12,2,0.01579705435869233,95.36717796405797,C,1095.0,185.0
カンロザストロングソーダ,13200.0,66.0,16,1,0.015875227829062716,95.33555378862123,C,825.0,200.0
トルティーヤ豚生姜ハムチ,13284.0,36.0,13,2,0.01597625200615675,95.28785594500755,C,1022.0,369.0
◎焼きカレーパン３個入,13432.0,73.0,11,1,0.016154246984846243,95.25579279546794,C,1221.0,184.0
サンドおむすび　牛カルビ,13448.0,41.0,7,3,0.016173489685245106,95.2396385484831,C,1921.0,328.0
アップルパンチ３５０,13524.0,84.0,18,2,0.01626489251213971,95.15853056630189,C,751.0,161.0
野菜生活Ｓベリー＆ざくろ,13528.0,76.0,13,2,0.016269703187239425,95.14226567378975,C,1041.0,178.0
氷結無糖スモモ３５０,13608.0,81.0,17,2,0.016365916689233744,95.09328337992444,C,800.0,168.0
クラフトボス　ミルクラテ,13612.0,82.0,5,1,0.01637072736433346,95.0769174632352,C,2722.0,166.0
